gameId,playId,playDescription,quarter,down,yardsToGo,possessionTeam,playType,yardlineSide,yardlineNumber,offenseFormation,personnelO,defendersInTheBox,numberOfPassRushers,personnelD,typeDropback,preSnapVisitorScore,preSnapHomeScore,gameClock,absoluteYardlineNumber,penaltyCodes,penaltyJerseyNumbers,passResult,offensePlayResult,playResult,epa,isDefensivePI,throwFrame,passerId,ball_x_at_throw,ball_y_at_throw,catchFrame,catchNflId,catch_x,catch_y,interceptFrame,interceptNflId,int_x,int_y,targetId,breakFrame,anticipation_frames,anticipation_seconds,snapFrame,timeToThrow_sec
2018122304,3883,(6:57) (Shotgun) T.Heinicke pass incomplete deep right to C.Samuel (D.Trufant).,4,1,10,CAR,play_type_pass,ATL,30,SHOTGUN,"1 RB, 1 TE, 3 WR",6.0,4.0,"4 DL, 2 LB, 5 DB",TRADITIONAL,24.0,10.0,06:57:00,80.0,,,I,0,0,-0.26109267113687,False,28.0,2539334.0,89.58,6.74,,,,,,,,,,,,,1,2.7
2018122304,2955,"(4:45) (Shotgun) M.Ryan pass deep left to M.Sanu for 44 yards, TOUCHDOWN.",3,1,10,ATL,play_type_pass,CAR,44,SHOTGUN,"1 RB, 1 TE, 3 WR",7.0,4.0,"4 DL, 2 LB, 5 DB",TRADITIONAL,17.0,10.0,04:45:00,66.0,,,C,44,44,3.83161891905497,False,33.0,310.0,59.45,25.83,53.0,310.0,61.38,27.36,,,,,310.0,3.0,30.0,3.0,1,3.2
2018122304,3034,"(4:11) (No Huddle, Shotgun) T.Heinicke pass short left to C.McCaffrey pushed ob at CAR 45 for 12 yards (D.Jones).",3,2,2,CAR,play_type_pass,CAR,33,SHOTGUN,"1 RB, 1 TE, 3 WR",6.0,5.0,"3 DL, 3 LB, 5 DB",TRADITIONAL,24.0,10.0,04:11:00,77.0,,,C,12,12,1.28097850406074,False,17.0,2532978.0,75.76,31.03,35.0,2532978.0,74.25,27.84,,,,,2532978.0,2.0,15.0,1.5,1,1.6
2018120209,3019,"(11:57) (No Huddle, Shotgun) C.Newton pass short right to C.Samuel to CAR 43 for 31 yards (J.Whitehead).",4,2,11,CAR,play_type_pass,CAR,12,SHOTGUN,"1 RB, 1 TE, 3 WR",6.0,5.0,"4 DL, 2 LB, 5 DB",TRADITIONAL,17.0,24.0,11:57:00,98.0,,,C,31,31,2.91423206769033,False,27.0,2495455.0,107.73,23.73,49.0,2495455.0,105.68,24.11,,,,,2495455.0,23.0,4.0,0.4,1,2.6
2018120207,4184,(1:49) (Shotgun) C.Daniel pass short right to A.Robinson II pushed ob at CHI 44 for 19 yards (M.Thomas).,4,1,10,CHI,play_type_pass,CHI,25,SHOTGUN,"1 RB, 1 TE, 3 WR",4.0,4.0,"0 DL, 4 LB, 7 DB",TRADITIONAL,17.0,27.0,01:49:00,85.0,,,C,19,19,0.636987766433599,False,19.0,71197.0,90.94,33.61,27.0,71197.0,90.7,33.64,,,,,71197.0,23.0,-4.0,-0.4,1,1.8
2018120911,1959,"(1:26) (No Huddle, Shotgun) M.Stafford pass short right to T.Riddick to DET 44 for 17 yards (P.Peterson).",2,1,10,DET,play_type_pass,DET,27,SHOTGUN,"1 RB, 1 TE, 3 WR",5.0,4.0,"4 DL, 2 LB, 5 DB",TRADITIONAL,3.0,0.0,01:26:00,83.0,,,C,17,17,0.314614202138014,False,23.0,79860.0,92.21,23.64,32.0,79860.0,95.02,23.31,,,,,79860.0,3.0,20.0,2.0,1,2.2
2018122304,2251,(:21) (Shotgun) T.Heinicke pass incomplete deep right to T.Smith.,2,3,16,CAR,play_type_pass,CAR,45,SHOTGUN,"1 RB, 1 TE, 3 WR",3.0,4.0,"2 DL, 3 LB, 5 DB, 1 WR",SCRAMBLE,10.0,10.0,00:21:00,55.0,,,I,0,0,-2.04710104534428,False,54.0,2495454.0,99.81,11.2,,,,,,,,,,,,,1,5.300000000000001
2018122304,3562,"(11:17) (No Huddle, Shotgun) T.Heinicke pass incomplete short right to D.Funchess.",4,1,10,CAR,play_type_pass,ATL,28,SHOTGUN,"1 RB, 1 TE, 3 WR",6.0,5.0,"4 DL, 2 LB, 5 DB",TRADITIONAL,24.0,10.0,11:17:00,82.0,,,I,0,0,-0.252041421505847,False,29.0,2495459.0,94.97,10.77,,,,,,,,,,,,,1,2.8000000000000003
2018123013,3345,"(11:34) (No Huddle, Shotgun) C.Keenum pass short right to R.Freeman to LAC 20 for 9 yards (M.Davis).",4,2,8,DEN,play_type_pass,LAC,29,EMPTY,"1 RB, 1 TE, 3 WR",5.0,5.0,"4 DL, 0 LB, 7 DB",TRADITIONAL,14.0,3.0,11:34:00,39.0,,,C,9,9,0.770421501463589,False,19.0,2532861.0,30.16,9.31,31.0,2532861.0,28.36,12.86,,,,,2532861.0,,,,1,1.8
2018100400,2119,"(:49) (No Huddle, Shotgun) A.Luck pass short right to E.Ebron ran ob at 50 for 7 yards (D.McCourty).",2,1,10,IND,play_type_pass,IND,43,SHOTGUN,"1 RB, 1 TE, 3 WR",5.0,4.0,"3 DL, 2 LB, 6 DB",TRADITIONAL,3.0,21.0,00:49:00,67.0,,,C,7,7,0.0814872970761011,False,20.0,71251.0,55.95,23.9,30.0,71251.0,54.38,26.17,,,,,71251.0,,,,1,1.9000000000000001
2018090912,2439,"(3:46) (No Huddle, Shotgun) A.Rodgers pass incomplete deep middle to J.Graham.",3,3,9,GB,play_type_pass,CHI,23,SINGLEBACK,"1 RB, 2 TE, 2 WR",5.0,3.0,"3 DL, 3 LB, 5 DB",TRADITIONAL,20.0,0.0,03:46:00,33.0,,,I,0,0,-1.03652788092765,False,32.0,497236.0,19.51,17.84,,,,,,,,,,,,,1,3.1
2018091611,3950,"(:26) (No Huddle, Shotgun) C.Keenum pass short right to J.Heuerman pushed ob at OAK 44 for 4 yards (T.Whitehead).",4,3,3,DEN,play_type_pass,OAK,48,SHOTGUN,"1 RB, 1 TE, 3 WR",6.0,4.0,"4 DL, 2 LB, 5 DB",TRADITIONAL,19.0,17.0,00:26:00,62.0,,,C,4,4,0.578283441522986,False,21.0,497322.0,66.41,40.74,33.0,497322.0,73.47,42.08,,,,,497322.0,2.0,19.0,1.9000000000000001,1,2.0
2018100703,2818,(4:27) (Shotgun) J.Flacco pass short middle to W.Snead IV to CLV 25 for 13 yards (J.Collins).,3,2,5,BAL,play_type_pass,CLE,38,SHOTGUN,"1 RB, 1 TE, 3 WR",6.0,4.0,"4 DL, 3 LB, 4 DB",TRADITIONAL,3.0,9.0,04:27:00,72.0,,,C,13,13,1.0364419418952,False,26.0,382.0,64.59,24.18,34.0,382.0,64.72,24.58,,,,,382.0,3.0,23.0,2.3000000000000003,1,2.5
2018100703,2794,(5:06) (Shotgun) J.Flacco pass short right to J.Allen to CLV 38 for 5 yards (C.Kirksey; T.Coley).,3,1,10,BAL,play_type_pass,CLE,43,SHOTGUN,"1 RB, 1 TE, 3 WR",6.0,4.0,"4 DL, 3 LB, 4 DB",TRADITIONAL,3.0,9.0,05:06:00,67.0,,,C,5,5,-0.0811680030589388,False,25.0,382.0,58.71,24.32,34.0,382.0,57.52,24.8,,,,,382.0,4.0,21.0,2.1,1,2.4000000000000004
2018121602,1843,"(1:34) (No Huddle, Shotgun) M.Stafford pass short right to L.Toilolo to DET 37 for 3 yards (C.Thompson). Caught at DET 36.",2,2,5,DET,play_type_pass,DET,34,SHOTGUN,"1 RB, 1 TE, 3 WR",6.0,4.0,"3 DL, 3 LB, 5 DB",TRADITIONAL,13.0,7.0,01:34:00,76.0,,,C,3,3,-0.325536820052433,False,21.0,79860.0,83.65,23.41,28.0,79860.0,84.03,23.52,,,,,79860.0,4.0,17.0,1.7000000000000002,1,2.0
2018121602,1959,"(:33) (No Huddle, Shotgun) J.Allen pass short right to I.McKenzie to BUF 25 for 2 yards (N.Lawson). Caught at BUF 25, crossing from middle.",2,1,10,BUF,play_type_pass,BUF,23,SHOTGUN,"1 RB, 1 TE, 3 WR",5.0,4.0,"1 DL, 3 LB, 7 DB",TRADITIONAL,13.0,7.0,00:33:00,33.0,,,C,2,2,-0.141588675994302,False,27.0,71441.0,56.29,20.26,33.0,71441.0,58.01,19.7,,,,,71441.0,,,,1,2.6
2018120911,3920,"(2:46) (No Huddle, Shotgun) J.Rosen pass incomplete short right to J.Nelson.",4,1,10,ARI,play_type_pass,DET,39,SHOTGUN,"1 RB, 1 TE, 3 WR",4.0,3.0,"1 DL, 3 LB, 7 DB",TRADITIONAL,17.0,3.0,02:46:00,71.0,,,I,0,0,-0.272655913412899,False,31.0,71441.0,93.82,21.17,,,,,,,,,,,,,1,3.0
2018102900,445,"(9:39) (No Huddle, Shotgun) T.Brady pass short right to J.Edelman to NE 36 for 11 yards (M.Milano). Caught near sideline at NE 30.",1,2,5,NE,play_type_pass,NE,25,EMPTY,"2 RB, 1 TE, 2 WR",5.0,4.0,"4 DL, 3 LB, 4 DB",TRADITIONAL,0.0,0.0,09:39:00,85.0,,,C,11,11,1.28718532381092,False,24.0,238498.0,80.79,29.21,36.0,238498.0,78.27,33.07,,,,,238498.0,3.0,21.0,2.1,1,2.3000000000000003
2018122400,4003,"(4:05) (No Huddle, Shotgun) C.Keenum pass short left to D.Hamilton ran ob at DEN 24 for 2 yards.",4,2,6,DEN,play_type_pass,DEN,22,SHOTGUN,"1 RB, 1 TE, 3 WR",5.0,4.0,"3 DL, 3 LB, 5 DB",TRADITIONAL,14.0,27.0,04:05:00,88.0,,,C,2,2,-0.601897268346319,False,29.0,2495153.0,78.99,16.72,44.0,2495153.0,78.05,13.13,,,,,2495153.0,,,,1,2.8000000000000003
2018121602,3087,"(14:14) (Shotgun) M.Stafford pass incomplete deep right to T.Jones. Overthrown, receiver at BUF 30, slanting from middle.",4,3,9,DET,play_type_pass,DET,45,SHOTGUN,"1 RB, 1 TE, 3 WR",7.0,5.0,"4 DL, 2 LB, 5 DB",TRADITIONAL,13.0,7.0,14:14:00,55.0,,,I,0,0,-1.75906657008459,False,30.0,79860.0,45.92,30.15,,,,,,,,,,,,,1,2.9000000000000004
2018091611,3815,(1:51) (Shotgun) C.Keenum pass incomplete short right to De.Thomas (R.Melvin).,4,1,20,DEN,play_type_pass,DEN,10,SHOTGUN,"1 RB, 1 TE, 3 WR",6.0,4.0,"4 DL, 2 LB, 5 DB",TRADITIONAL,19.0,17.0,01:51:00,20.0,,,I,0,0,-0.23416128325339,False,19.0,497322.0,22.71,19.17,,,,,,,,,,,,,1,1.8
2018121602,3130,"(14:02) (Shotgun) J.Allen pass incomplete deep middle to D.Thompson. Off receiver's hands at DET 28, slanting from right.",4,1,10,BUF,play_type_pass,BUF,20,EMPTY,"1 RB, 1 TE, 3 WR",5.0,4.0,"3 DL, 3 LB, 5 DB",TRADITIONAL,13.0,7.0,14:02:00,90.0,,,I,0,0,-0.542566624780497,False,37.0,2534436.0,67.05,40.37,,,,,,,,,,,,,1,3.6
2018121602,3275,(12:41) (Shotgun) M.Stafford pass incomplete short middle to T.Jones (L.Alexander) [S.Lawson]. Receiver and coverage at DET 28.,4,2,13,DET,play_type_pass,DET,15,SHOTGUN,"1 RB, 1 TE, 3 WR",6.0,4.0,"4 DL, 2 LB, 5 DB",TRADITIONAL,13.0,7.0,12:41:00,25.0,,,I,0,0,-0.835680482427289,False,34.0,79860.0,15.71,23.28,,,,,,,,,,,,,1,3.3000000000000003
2018122304,944,(15:00) (Shotgun) T.Heinicke pass incomplete deep left to C.Samuel [G.Jarrett].,2,3,6,CAR,play_type_pass,CAR,15,SHOTGUN,"1 RB, 1 TE, 3 WR",6.0,6.0,"3 DL, 3 LB, 5 DB",TRADITIONAL,7.0,7.0,15:00:00,25.0,,,I,0,0,-1.39416691619142,False,25.0,2532978.0,26.14,34.13,,,,,,,,,,,,,1,2.4000000000000004
2018121602,1988,"(:13) (No Huddle, Shotgun) J.Allen pass incomplete deep left to Z.Jones (D.Slay). Receiver and coverage in flat at DET 27.",2,2,8,BUF,play_type_pass,BUF,25,SHOTGUN,"1 RB, 1 TE, 3 WR",5.0,4.0,"1 DL, 3 LB, 7 DB",SCRAMBLE,13.0,7.0,00:13:00,35.0,,,I,0,0,-0.236822737946013,False,48.0,71441.0,66.39,13.34,,,,,,,,,,,,,2,4.6000000000000005
2018121608,4045,"(3:47) (No Huddle, Shotgun) E.Manning pass short middle to S.Barkley to TEN 43 for 11 yards (W.Woodyard).",4,1,10,NYG,play_type_pass,NYG,46,SHOTGUN,"1 RB, 1 TE, 3 WR",5.0,4.0,"1 DL, 5 LB, 5 DB",TRADITIONAL,17.0,0.0,03:47:00,64.0,,,C,11,11,0.579021759309181,False,36.0,2354.0,45.85,24.46,44.0,2354.0,44.47,24.55,,,,,2354.0,44.0,-8.0,-0.8,2,3.4000000000000004
2018122304,126,"(13:53) (No Huddle, Shotgun) T.Heinicke pass short right to C.McCaffrey ran ob at ATL 48 for 14 yards (D.Kazee).",1,1,10,CAR,play_type_pass,CAR,38,SHOTGUN,"1 RB, 1 TE, 3 WR",7.0,5.0,"5 DL, 2 LB, 4 DB",TRADITIONAL,0.0,0.0,13:53:00,72.0,,,C,14,14,0.903754247062849,False,20.0,2532978.0,68.82,23.49,38.0,2532978.0,66.41,31.27,,,,,2532978.0,2.0,18.0,1.8,2,1.8
2018093010,3229,(14:30) C.Beathard pass deep middle to K.Bourne to LAC 24 for 17 yards (J.Brown).,4,1,10,SF,play_type_pass,LAC,41,SINGLEBACK,"2 RB, 2 TE, 1 WR",7.0,3.0,"4 DL, 3 LB, 4 DB",DESIGNED_ROLLOUT_RIGHT,24.0,26.0,14:30:00,51.0,,,C,17,17,0.926378276997487,False,48.0,2532861.0,46.01,34.02,59.0,2532861.0,44.41,33.58,,,,,2532861.0,2.0,46.0,4.6000000000000005,2,4.6000000000000005
2018102806,3456,(5:03) (Shotgun) E.Manning pass incomplete short right to E.Engram.,4,1,10,NYG,play_type_pass,WAS,40,SHOTGUN,"1 RB, 1 TE, 3 WR",5.0,4.0,"2 DL, 4 LB, 5 DB",TRADITIONAL,13.0,3.0,05:03:00,70.0,,,I,0,0,-0.336896166118832,False,23.0,2495201.0,63.39,20.98,,,,,,,,,,,,,2,2.1
2018102900,613,"(7:37) (Shotgun) T.Brady pass incomplete short left to J.Gordon. Underthrown, receiver in flat at BUF 24.",1,1,10,NE,play_type_pass,BUF,29,EMPTY,"1 RB, 1 TE, 3 WR",5.0,4.0,"3 DL, 3 LB, 5 DB",TRADITIONAL,0.0,0.0,07:37:00,39.0,,,I,0,0,-0.271592626677126,False,22.0,238498.0,36.04,26.84,,,,,,,,,,,,,2,2.0
2018121602,3839,"(4:41) (Shotgun) M.Stafford pass short right to K.Golladay to DET 33 for 3 yards (T.White). Flat pass, caught at DET 32.",4,1,10,DET,play_type_pass,DET,30,SHOTGUN,"1 RB, 1 TE, 3 WR",7.0,5.0,"4 DL, 2 LB, 5 DB",TRADITIONAL,13.0,14.0,04:41:00,40.0,,,C,3,3,-0.251190990956856,False,22.0,79860.0,32.83,24.21,32.0,79860.0,32.63,24.03,,,,,79860.0,2.0,20.0,2.0,2,2.0
2018122304,4134,"(3:05) (No Huddle, Shotgun) T.Heinicke pass incomplete deep left to D.Moore.",4,1,10,CAR,play_type_pass,CAR,43,SHOTGUN,"1 RB, 1 TE, 3 WR",6.0,4.0,"3 DL, 3 LB, 5 DB",TRADITIONAL,24.0,10.0,03:05:00,53.0,,,I,0,0,-0.33881696239669,False,28.0,2532978.0,64.13,36.55,,,,,,,,,,,,,2,2.6
2018120209,3288,"(7:09) (No Huddle, Shotgun) C.Newton pass incomplete short right to C.Samuel (Dev.Harris).",4,1,10,CAR,play_type_pass,CAR,48,SHOTGUN,"1 RB, 1 TE, 3 WR",6.0,5.0,"4 DL, 2 LB, 5 DB",TRADITIONAL,17.0,24.0,07:09:00,62.0,,,I,0,0,-0.430914379173729,False,30.0,2495455.0,71.91,23.56,,,,,,,,,,,,,2,2.8000000000000003
2018122400,3978,(4:33) (Shotgun) C.Keenum pass short left to D.Booker to DEN 22 for 4 yards (K.Wilber).,4,1,10,DEN,play_type_pass,DEN,18,SHOTGUN,"1 RB, 1 TE, 3 WR",6.0,4.0,"3 DL, 3 LB, 5 DB",SCRAMBLE_ROLLOUT_RIGHT,14.0,27.0,04:33:00,92.0,,,C,4,4,-0.0772359391416663,False,26.0,2495153.0,85.53,40.4,45.0,2495153.0,81.52,35.17,,,,,2495153.0,4.0,22.0,2.2,2,2.4000000000000004
2018122201,1719,"(1:08) P.Rivers pass incomplete deep middle to K.Allen. PENALTY on BLT-T.Jefferson, Defensive Pass Interference, 15 yards, enforced at LAC 48 - No Play.",2,3,1,LAC,play_type_unknown,LAC,48,SINGLEBACK,"1 RB, 1 TE, 3 WR",7.0,,"2 DL, 3 LB, 6 DB",,,,,,DPI,BAL 23,I,0,15,1.33607773505794,True,28.0,4365.0,52.12,26.34,,,,,,,,,,,,,2,2.6
2018122304,4083,"(3:50) (No Huddle, Shotgun) T.Heinicke pass short right to C.Samuel to CAR 36 for 8 yards (D.Trufant).",4,1,10,CAR,play_type_pass,CAR,28,SHOTGUN,"1 RB, 1 TE, 3 WR",4.0,4.0,"3 DL, 3 LB, 5 DB",TRADITIONAL,24.0,10.0,03:50:00,38.0,,,C,8,8,-0.003237870652998,False,30.0,2532978.0,49.97,15.87,50.0,2532978.0,56.42,21.26,,,,,2532978.0,2.0,28.0,2.8000000000000003,2,2.8000000000000003
2018092312,3624,"(7:15) (Shotgun) D.Prescott pass short middle to T.Austin for 3 yards, TOUCHDOWN.",4,2,3,DAL,play_type_pass,SEA,3,SHOTGUN,"2 RB, 1 TE, 2 WR",8.0,3.0,"4 DL, 3 LB, 4 DB",TRADITIONAL,6.0,24.0,07:15:00,107.0,,,C,3,3,1.44247750273817,False,,,,,,,,,,,,,,,,,3,
2018123001,1425,(7:09) (Shotgun) R.Tannehill sacked at BUF 43 for -9 yards (J.Hughes).,2,3,8,MIA,play_type_sack,BUF,34,SHOTGUN,"1 RB, 1 TE, 3 WR",6.0,6.0,"3 DL, 3 LB, 5 DB",TRADITIONAL,0.0,14.0,07:09:00,76.0,,,S,-9,-9,-2.26712766557961,False,,,,,,,,,,,,,,,,,3,
2018123008,2030,(:42) (Shotgun) E.Manning pass incomplete short right to E.Engram.,2,2,3,NYG,play_type_pass,DAL,38,SHOTGUN,"1 RB, 1 TE, 3 WR",6.0,5.0,"4 DL, 2 LB, 5 DB",SCRAMBLE_ROLLOUT_RIGHT,14.0,0.0,00:42:00,72.0,,,I,0,0,-0.330242211242357,False,28.0,496937.0,64.68,24.96,,,,,,,,,,,,,3,2.5
2018123008,1946,"(:56) (No Huddle, Shotgun) E.Manning pass short middle to S.Barkley to DAL 45 for 17 yards (L.Vander Esch).",2,1,10,NYG,play_type_pass,NYG,38,SHOTGUN,"1 RB, 1 TE, 3 WR",4.0,4.0,"4 DL, 2 LB, 5 DB",TRADITIONAL,14.0,0.0,00:56:00,48.0,,,C,17,17,0.622487720916891,False,37.0,496937.0,66.2,26.5,42.0,496937.0,67.92,26.5,,,,,496937.0,5.0,32.0,3.2,3,3.4000000000000004
2018101400,4119,(:15) J.Winston spiked the ball to stop the clock.,4,1,10,TB,play_type_pass,ATL,21,,"1 RB, 1 TE, 3 WR",6.0,0.0,"3 DL, 3 LB, 5 DB",UNKNOWN,29.0,34.0,00:15:00,89.0,,,I,0,0,-0.122889493470724,False,,,,,,,,,,,,,,,,,3,
2018091611,3141,"(10:55) (No Huddle, Shotgun) C.Keenum pass short left to J.Heuerman to OAK 22 for 6 yards (G.Conley).",4,2,8,DEN,play_type_pass,OAK,28,SHOTGUN,"1 RB, 1 TE, 3 WR",6.0,4.0,"4 DL, 2 LB, 5 DB",TRADITIONAL,19.0,10.0,10:55:00,82.0,,,C,6,6,-0.0677494282186788,False,29.0,497322.0,85.16,4.05,39.0,497322.0,86.05,0.51,,,,,497322.0,3.0,26.0,2.6,3,2.6
2018111900,5048,(2:07) (Shotgun) J.Goff pass short right to G.Everett ran ob at 50 for 2 yards (D.Sorensen).,4,1,10,LA,play_type_pass,LA,48,SHOTGUN,"1 RB, 1 TE, 3 WR",6.0,4.0,"3 DL, 2 LB, 6 DB",TRADITIONAL,51.0,47.0,02:07:00,58.0,,,C,2,2,-0.176641040563503,False,32.0,2307.0,69.86,14.52,43.0,2307.0,73.87,11.9,,,,,2307.0,,,,3,2.9000000000000004
2018123008,735,"(2:05) (No Huddle, Shotgun) D.Prescott pass incomplete short left to D.Schultz [O.Vernon].",1,1,10,DAL,play_type_pass,NYG,15,SHOTGUN,"1 RB, 1 TE, 3 WR",6.0,4.0,"3 DL, 3 LB, 5 DB",DESIGNED_ROLLOUT_LEFT,0.0,0.0,02:05:00,95.0,,,I,0,0,-0.195229690025775,False,30.0,2532875.0,106.37,8.56,,,,,,,,,,,,,3,2.7
2018100703,2866,(3:24) (Shotgun) J.Flacco pass short left to M.Crabtree pushed ob at CLV 17 for 1 yard (D.Randall).,3,2,3,BAL,play_type_pass,CLE,18,SHOTGUN,"1 RB, 1 TE, 3 WR",6.0,6.0,"4 DL, 3 LB, 4 DB",TRADITIONAL,3.0,9.0,03:24:00,92.0,,,C,1,1,-0.354612862126804,False,22.0,382.0,84.4,30.18,35.0,382.0,83.17,31.01,,,,,382.0,5.0,17.0,1.7000000000000002,3,1.9000000000000001
2018123001,4067,(4:49) J.Allen pass short right to K.Williams to MIA 31 for 9 yards (M.Hull). Caught in flat at MIA 41 (K.Williams lined up at FB).,4,1,10,BUF,play_type_pass,MIA,40,JUMBO,"6 OL, 2 RB, 1 TE, 0 WR,1 DL",10.0,7.0,"7 DL, 3 LB, 1 DB",SCRAMBLE_ROLLOUT_RIGHT,17.0,42.0,04:49:00,70.0,,,C,9,9,0.202034256353217,False,30.0,2495139.0,79.5,21.71,43.0,2495139.0,86.65,14.42,,,,,2495139.0,7.0,23.0,2.3000000000000003,3,2.7
2018123008,1784,(2:00) (Shotgun) D.Prescott pass incomplete short right to D.Jackson.,2,2,9,DAL,play_type_pass,NYG,19,SHOTGUN,"1 RB, 1 TE, 3 WR",7.0,4.0,"2 DL, 4 LB, 5 DB",TRADITIONAL,7.0,0.0,02:00:00,29.0,,,I,0,0,-0.37460961723065,False,39.0,2532875.0,13.09,42.08,,,,,,,,,,,,,3,3.6
2018101500,3457,(3:52) (Shotgun) C.Beathard sacked at SF 11 for -12 yards (C.Matthews).,4,3,10,SF,play_type_sack,SF,23,SHOTGUN,"1 RB, 1 TE, 3 WR",6.0,5.0,"1 DL, 4 LB, 6 DB",SCRAMBLE,30.0,23.0,03:52:00,87.0,,,S,-12,-12,-1.65205447579879,False,,,,,,,,,,,,,,,,,4,
2018123008,1026,(14:11) (Shotgun) D.Prescott pass incomplete short middle to A.Cooper.,2,1,10,DAL,play_type_pass,NYG,49,SHOTGUN,"1 RB, 1 TE, 3 WR",6.0,4.0,"3 DL, 3 LB, 5 DB",TRADITIONAL,0.0,0.0,14:11:00,59.0,,,I,0,0,-0.468363963887671,False,27.0,71197.0,68.09,33.87,,,,,,,,,,,,,4,2.3000000000000003
2018102900,473,"(9:20) (No Huddle, Shotgun) T.Brady pass short right to J.White pushed ob at NE 45 for 9 yards (P.Gaines). Caught near sideline at NE 40.",1,1,10,NE,play_type_pass,NE,36,EMPTY,"2 RB, 1 TE, 2 WR",5.0,4.0,"4 DL, 3 LB, 4 DB",TRADITIONAL,0.0,0.0,09:20:00,74.0,,,C,9,9,0.0675669794501434,False,29.0,238498.0,70.4,29.26,48.0,238498.0,70.2,39.25,,,,,238498.0,4.0,25.0,2.5,4,2.5
2018123008,929,(15:00) (Shotgun) E.Manning pass incomplete short right to S.Barkley.,2,3,14,NYG,play_type_pass,NYG,20,SHOTGUN,"1 RB, 1 TE, 3 WR",4.0,4.0,"4 DL, 1 LB, 6 DB",TRADITIONAL,0.0,0.0,15:00:00,30.0,,,I,0,0,-1.52423976326958,False,34.0,2505996.0,20.3,22.86,,,,,,,,,,,,,4,3.0
2018123008,819,"(1:07) E.Manning pass short right to E.Penny to NYG 30 for 6 yards (M.Collins, J.Heath).",1,1,10,NYG,play_type_pass,NYG,24,I_FORM,"2 RB, 1 TE, 2 WR",8.0,5.0,"4 DL, 3 LB, 4 DB",TRADITIONAL,0.0,0.0,01:07:00,86.0,,,C,6,6,-0.106352348613219,False,27.0,496937.0,80.65,29.03,34.0,496937.0,78.07,31.03,,,,,496937.0,,,,4,2.3000000000000003
2018123008,3673,(8:20) (Shotgun) E.Manning pass short left to C.Latimer to NYG 35 for 11 yards (J.Thomas).,4,3,12,NYG,play_type_pass,NYG,24,SHOTGUN,"1 RB, 1 TE, 3 WR",4.0,4.0,"4 DL, 2 LB, 5 DB",TRADITIONAL,28.0,25.0,08:20:00,86.0,,,C,11,11,-0.84609901270118,False,36.0,2505996.0,95.43,20.36,52.0,2505996.0,95.82,17.18,,,,,2505996.0,5.0,31.0,3.1,4,3.2
2018111200,4336,(:02) (No Huddle) N.Mullens spiked the ball to stop the clock.,4,1,10,SF,play_type_pass,NYG,21,,"1 RB, 1 TE, 3 WR",5.0,0.0,"2 DL, 3 LB, 6 DB",UNKNOWN,27.0,23.0,00:02:00,31.0,,,I,0,0,-0.0999318123763993,False,,,,,,,,,,,,,,,,,4,
2018123008,4457,"(1:19) (Shotgun) D.Prescott pass incomplete deep left to C.Beasley. The Replay Official reviewed the incomplete pass ruling, and the play was REVERSED. (Shotgun) D.Prescott pass deep left to C.Beasley for 32 yards, TOUCHDOWN.",4,4,15,DAL,play_type_pass,NYG,32,SHOTGUN,"1 RB, 1 TE, 3 WR",5.0,4.0,"2 DL, 3 LB, 6 DB",SCRAMBLE_ROLLOUT_LEFT,28.0,35.0,01:19:00,78.0,,,C,32,32,5.15358242942575,False,57.0,2532875.0,109.45,10.83,,,,,,,,,,,,,5,5.2
2018123008,199,(11:58) D.Prescott pass short left to N.Brown pushed ob at DAL 23 for 3 yards (M.Thomas).,1,1,10,DAL,play_type_pass,DAL,20,SINGLEBACK,"1 RB, 1 TE, 3 WR",7.0,5.0,"2 DL, 4 LB, 5 DB",TRADITIONAL,0.0,0.0,11:58:00,30.0,,,C,3,3,-0.276320081717037,False,21.0,2532875.0,37.98,9.92,31.0,2532875.0,39.61,9.03,,,,,2532875.0,,,,5,1.6
2018121605,1063,"(13:15) (No Huddle, Shotgun) A.Luck pass short left to C.Rogers to IND 41 for 10 yards (A.Brown). PENALTY on IND-C.Rogers, Taunting, 15 yards, enforced between downs.",2,3,1,IND,play_type_pass,IND,31,SHOTGUN,"1 RB, 1 TE, 3 WR",6.0,2.0,"4 DL, 2 LB, 5 DB",TRADITIONAL,0.0,7.0,13:15:00,41.0,TAU,IND 80,C,10,10,1.11325392001152,False,17.0,2532865.0,42.07,44.82,28.0,2532865.0,44.45,45.5,,,,,2532865.0,34.0,-17.0,-1.7000000000000002,5,1.2000000000000002
2018123008,1902,"(1:22) (No Huddle, Shotgun) E.Manning pass incomplete deep left to C.Latimer.",2,2,1,NYG,play_type_pass,NYG,36,SHOTGUN,"1 RB, 1 TE, 3 WR",5.0,4.0,"4 DL, 2 LB, 5 DB",TRADITIONAL,14.0,0.0,01:22:00,46.0,,,I,0,0,-0.397075685962789,False,30.0,496937.0,57.33,23.83,,,,,,,,,,,,,5,2.5
2018123008,1101,(13:47) (Shotgun) D.Prescott pass incomplete deep right to A.Cooper.,2,2,5,DAL,play_type_pass,NYG,44,SHOTGUN,"1 RB, 1 TE, 3 WR",7.0,6.0,"2 DL, 4 LB, 5 DB",TRADITIONAL,0.0,0.0,13:47:00,54.0,,,I,0,0,-0.793632369368725,False,31.0,2532875.0,45.81,39.94,,,,,,,,,,,,,5,2.6
2018123008,600,"(4:15) (Shotgun) D.Prescott pass short middle to R.Smith to NYG 43 for 8 yards (G.Haley, T.Davis).",1,1,10,DAL,play_type_pass,DAL,49,SHOTGUN,"1 RB, 1 TE, 3 WR",6.0,4.0,"2 DL, 4 LB, 5 DB",TRADITIONAL,0.0,0.0,04:15:00,59.0,,,C,8,8,0.0874877342718876,False,31.0,2532875.0,63.56,7.36,38.0,2532875.0,64.9,6.04,,,,,2532875.0,2.0,29.0,2.9000000000000004,5,2.6
2018123008,2294,"(14:04) (Shotgun) D.Prescott pass short middle to B.Jarwin to DAL 19 for no gain (O.Vernon, J.Jenkins).",3,3,16,DAL,play_type_pass,DAL,19,SHOTGUN,"1 RB, 1 TE, 3 WR",5.0,4.0,"1 DL, 4 LB, 6 DB",TRADITIONAL,14.0,7.0,14:04:00,91.0,,,C,0,0,-1.53125112250064,False,28.0,2532875.0,82.04,12.53,34.0,2532875.0,81.31,11.62,,,,,2532875.0,34.0,-6.0,-0.6000000000000001,5,2.3000000000000003
2018123008,2755,"(5:10) (No Huddle, Shotgun) D.Prescott pass deep right to B.Jarwin for 39 yards, TOUCHDOWN [T.Davis].",3,3,3,DAL,play_type_pass,NYG,39,EMPTY,"0 RB, 1 TE, 4 WR",5.0,3.0,"2 DL, 4 LB, 5 DB",SCRAMBLE_ROLLOUT_RIGHT,14.0,10.0,05:10:00,49.0,,,C,39,39,4.61846670977057,False,57.0,2532875.0,35.22,9.57,72.0,2532875.0,34.88,9.8,,,,,2532875.0,67.0,-10.0,-1.0,5,5.2
2018123008,4368,"(1:34) (No Huddle, Shotgun) D.Prescott pass incomplete deep right to A.Cooper.",4,1,10,DAL,play_type_pass,NYG,27,SHOTGUN,"1 RB, 1 TE, 3 WR",6.0,4.0,"2 DL, 3 LB, 6 DB",TRADITIONAL,28.0,35.0,01:34:00,83.0,,,I,0,0,-0.187454885006582,False,34.0,2532875.0,94.59,13.08,,,,,,,,,,,,,6,2.8000000000000003
2018100709,3764,(1:19) (No Huddle) C.Wentz spiked the ball to stop the clock.,4,1,10,PHI,play_type_pass,MIN,15,,"1 RB, 1 TE, 3 WR",4.0,0.0,"4 DL, 2 LB, 5 DB",UNKNOWN,23.0,14.0,01:19:00,95.0,,,I,0,0,-0.144084276417515,False,,,,,,,,,,,,,,,,,6,
2018123008,4317,(2:00) (Shotgun) D.Prescott pass incomplete deep right to A.Cooper (J.Jenkins) [O.Vernon].,4,2,4,DAL,play_type_pass,NYG,34,SHOTGUN,"1 RB, 1 TE, 3 WR",5.0,7.0,"2 DL, 3 LB, 6 DB",TRADITIONAL,28.0,35.0,02:00:00,76.0,,,I,0,0,-0.434593114810189,False,28.0,2532875.0,89.62,9.52,,,,,,,,,,,,,6,2.2
2018121605,1895,"(1:32) (No Huddle, Shotgun) A.Luck pass short right to T.Hilton to IND 32 for 12 yards (X.Woods; C.Awuzie).",2,2,6,IND,play_type_pass,IND,20,SHOTGUN,"1 RB, 1 TE, 3 WR",5.0,4.0,"4 DL, 2 LB, 5 DB",TRADITIONAL,0.0,7.0,01:32:00,30.0,,,C,12,12,0.577610210397326,False,35.0,496937.0,38.4,9.4,48.0,496937.0,40.34,10.25,,,,,496937.0,39.0,-4.0,-0.4,6,2.9000000000000004
2018111110,499,(7:34) (No Huddle) J.Goff pass short right to T.Gurley ran ob at SEA 10 for 20 yards (SL.Griffin).,1,2,2,LA,play_type_pass,SEA,30,SINGLEBACK,"1 RB, 1 TE, 3 WR",6.0,4.0,"4 DL, 2 LB, 5 DB",TRADITIONAL,7.0,0.0,07:34:00,40.0,,,C,20,20,1.51902152525091,False,39.0,2495252.0,30.13,37.93,51.0,2495252.0,25.4,38.81,,,,,2495252.0,,,,6,3.3000000000000003
2018123008,2708,"(6:24) (No Huddle, Shotgun) D.Prescott pass short right to C.Beasley to NYG 39 for 7 yards (S.Chandler).",3,1,10,DAL,play_type_pass,NYG,46,SHOTGUN,"1 RB, 1 TE, 3 WR",7.0,4.0,"2 DL, 4 LB, 5 DB",TRADITIONAL,14.0,10.0,06:24:00,56.0,,,C,7,7,0.0386121395738441,False,31.0,2532875.0,40.8,41.54,39.0,2532875.0,37.36,40.96,,,,,2532875.0,,,,6,2.5
2018100710,4418,"(2:09) (No Huddle, Shotgun) C.Beathard pass incomplete short right to K.Bourne (H.Reddick).",4,1,10,SF,play_type_pass,ARI,32,SHOTGUN,"1 RB, 1 TE, 3 WR",5.0,4.0,"4 DL, 2 LB, 5 DB",TRADITIONAL,28.0,12.0,02:09:00,78.0,,,I,0,0,-0.205190408571609,False,26.0,2495504.0,87.03,41.82,,,,,,,,,,,,,6,2.0
2018123008,1988,"(:50) (Shotgun) E.Manning pass short right to W.Gallman to DAL 38 for 7 yards (C.Awuzie, S.Lee).",2,1,10,NYG,play_type_pass,DAL,45,SHOTGUN,"1 RB, 1 TE, 3 WR",4.0,4.0,"4 DL, 2 LB, 5 DB",TRADITIONAL,14.0,0.0,00:50:00,65.0,,,C,7,7,0.210125247826003,False,30.0,496937.0,78.38,26.4,38.0,496937.0,79.84,23.62,,,,,496937.0,,,,6,2.4000000000000004
2018121609,1195,(12:05) N.Mullens pass short middle to K.Bourne to SF 29 for 12 yards (SL.Griffin). Caught at SF 29.  0-YAC,2,2,6,SF,play_type_pass,SF,17,SINGLEBACK,"1 RB, 2 TE, 2 WR",7.0,5.0,"4 DL, 3 LB, 4 DB",TRADITIONAL,6.0,7.0,12:05:00,27.0,,,C,12,12,1.56347881599893,False,33.0,2532966.0,31.93,22.88,49.0,2532966.0,38.69,21.86,,,,,2532966.0,8.0,25.0,2.5,6,2.7
2018123008,3970,"(3:21) (Shotgun) D.Prescott pass short right to A.Cooper to DAL 28 for 3 yards (K.Wynn, J.Jenkins). FUMBLES (K.Wynn), RECOVERED by NYG-B.Goodson at DAL 25. B.Goodson to DAL 18 for 7 yards (B.Jarwin). Officially, a pass for 0 yards.",4,1,10,DAL,play_type_pass,DAL,25,SHOTGUN,"1 RB, 1 TE, 3 WR",6.0,4.0,"2 DL, 4 LB, 5 DB",TRADITIONAL,28.0,32.0,03:21:00,35.0,,,C,0,-7,-5.78448899804646,False,26.0,2532875.0,43.01,12.27,37.0,2532875.0,40.09,15.67,,,,,2532875.0,7.0,19.0,1.9000000000000001,6,2.0
2018111105,1755,"(1:26) (No Huddle, Shotgun) P.Mahomes pass short left to D.Robinson pushed ob at KC 29 for 5 yards (B.Benwikere).",2,2,6,KC,play_type_pass,KC,24,SHOTGUN,"1 RB, 1 TE, 3 WR",6.0,4.0,"4 DL, 2 LB, 5 DB",TRADITIONAL,7.0,20.0,01:26:00,86.0,,,C,5,5,-0.225616728162382,False,37.0,2495504.0,72.79,46.36,47.0,2495504.0,72.84,45.91,,,,,2495504.0,40.0,-3.0,-0.30000000000000004,6,3.1
2018102809,1010,(13:32) J.Rosen pass short middle to C.Williams to SF 25 for 14 yards (R.Sherman).,2,1,10,ARI,play_type_pass,SF,39,SINGLEBACK,"1 RB, 1 TE, 3 WR",7.0,7.0,"4 DL, 2 LB, 5 DB",TRADITIONAL,2.0,0.0,13:32:00,71.0,,,C,14,14,0.743742923695521,False,32.0,497238.0,65.92,19.44,43.0,497238.0,63.32,20.96,,,,,497238.0,6.0,26.0,2.6,6,2.6
2018111900,2988,(12:07) (Shotgun) J.Goff pass short left to T.Higbee to KC 10 for 15 yards (A.Hitchens).,3,1,10,LA,play_type_pass,KC,25,EMPTY,"1 RB, 1 TE, 3 WR",6.0,4.0,"3 DL, 3 LB, 5 DB",TRADITIONAL,23.0,23.0,12:07:00,35.0,,,C,15,15,0.978596660487901,False,18.0,2307.0,28.75,34.26,27.0,2307.0,27.01,34.22,,,,,2307.0,,,,7,1.1
2018090902,3986,"(3:21) (No Huddle, Shotgun) A.Luck pass short middle to J.Doyle to IND 41 for 4 yards (D.Dennard).",4,1,10,IND,play_type_pass,IND,37,SHOTGUN,"1 RB, 1 TE, 3 WR",6.0,4.0,"4 DL, 2 LB, 5 DB",TRADITIONAL,27.0,23.0,03:21:00,47.0,,,C,4,4,-0.184626069382339,False,31.0,2532865.0,50.72,51.11,38.0,2532865.0,53.16,53.2,,,,,2532865.0,,,,7,2.4000000000000004
2018123008,3462,"(9:45) (No Huddle, Shotgun) D.Prescott pass incomplete short left to M.Gallup (T.Lippett).",4,2,10,DAL,play_type_pass,DAL,49,SHOTGUN,"1 RB, 1 TE, 3 WR",6.0,5.0,"2 DL, 4 LB, 5 DB",TRADITIONAL,21.0,25.0,09:45:00,59.0,,,I,0,0,-0.818205481578415,False,28.0,2532875.0,68.33,9.31,,,,,,,,,,,,,7,2.1
2018111900,4420,(9:52) (No Huddle) J.Goff pass incomplete short left to R.Woods.,4,1,7,LA,play_type_pass,KC,7,SINGLEBACK,"1 RB, 1 TE, 3 WR",7.0,5.0,"4 DL, 2 LB, 5 DB",TRADITIONAL,44.0,40.0,09:52:00,103.0,,,I,0,0,-0.154768048561077,False,24.0,2307.0,110.73,20.81,,,,,,,,,,,,,7,1.7000000000000002
2018111109,3627,"(:39) (No Huddle, Shotgun) D.Carr pass incomplete short right to J.Cook (D.James). PENALTY on LAC-A.Phillips, Unsportsmanlike Conduct, 15 yards, enforced at OAK 27.",4,2,5,OAK,play_type_pass,OAK,27,SHOTGUN,"1 RB, 1 TE, 3 WR",5.0,4.0,"3 DL, 2 LB, 6 DB",TRADITIONAL,20.0,6.0,00:39:00,83.0,UNSd,LAC 31,I,0,15,0.468725041281773,False,34.0,1032.0,72.82,22.24,,,,,,,,,,,,,7,2.7
2018120912,4321,(:33) (Shotgun) D.Prescott pass short right to B.Jarwin ran ob at PHI 45 for 5 yards.,4,2,3,DAL,play_type_pass,,50,SHOTGUN,"1 RB, 1 TE, 3 WR",5.0,4.0,"4 DL, 1 LB, 6 DB",TRADITIONAL,23.0,23.0,00:33:00,60.0,,,C,5,5,0.328571406022277,False,28.0,79848.0,69.84,12.68,41.0,79848.0,68.16,5.51,,,,,79848.0,,,,7,2.1
2018122311,3538,"(8:52) (No Huddle, Shotgun) J.Rosen scrambles up the middle to ARZ 39 for 11 yards (B.Countess). Los Angeles Rams challenged the runner was not down by contact ruling, and the play was REVERSED. (No Huddle, Shotgun) J.Rosen sacked at ARZ 22 for -6 yards (A.Donald).",4,2,7,ARI,play_type_sack,ARI,28,SHOTGUN,"1 RB, 1 TE, 3 WR",6.0,4.0,"4 DL, 2 LB, 5 DB",TRADITIONAL,31.0,9.0,08:52:00,38.0,,,S,-6,-6,-1.28140550397476,False,,,,,,,,,,,,,,,,,7,
2018120903,4279,"(2:15) (No Huddle, Shotgun) M.Ryan pass short middle to I.Smith to GB 44 for 3 yards (B.Martinez).",4,2,3,ATL,play_type_pass,GB,47,SHOTGUN,"1 RB, 1 TE, 3 WR",6.0,4.0,"2 DL, 3 LB, 6 DB",TRADITIONAL,14.0,34.0,02:15:00,63.0,,,C,3,3,0.334621789052534,False,38.0,310.0,55.99,22.85,49.0,310.0,56.24,23.0,,,,,310.0,9.0,29.0,2.9000000000000004,8,3.0
2018092312,1393,"(9:33) (No Huddle) R.Wilson pass deep middle to J.Brown for 16 yards, TOUCHDOWN.",2,1,10,SEA,play_type_pass,DAL,16,SINGLEBACK,"1 RB, 1 TE, 3 WR",7.0,4.0,"4 DL, 2 LB, 5 DB",TRADITIONAL,0.0,0.0,09:33:00,94.0,,,C,16,16,2.27495681722336,False,32.0,496937.0,100.14,20.63,,,,,,,,,,,,,8,2.4000000000000004
2018100703,4173,(:17) B.Mayfield spiked the ball to stop the clock.,4,1,10,CLE,play_type_pass,BAL,37,,"1 RB, 1 TE, 3 WR",7.0,0.0,"1 DL, 4 LB, 6 DB",UNKNOWN,9.0,9.0,00:17:00,73.0,,,I,0,0,-0.113865713913599,False,,,,,,,,,,,,,,,,,8,
2018092310,1368,(10:31) (No Huddle) J.Goff pass short right to R.Woods to LAC 10 for 5 yards (C.Hayward).,2,1,10,LA,play_type_pass,LAC,15,SINGLEBACK,"1 RB, 1 TE, 3 WR",6.0,4.0,"3 DL, 3 LB, 5 DB",TRADITIONAL,6.0,14.0,10:31:00,95.0,,,C,5,5,0.186111755915851,False,23.0,2532861.0,103.69,13.46,33.0,2532861.0,99.6,14.48,,,,,2532861.0,4.0,19.0,1.9000000000000001,8,1.5
2018121605,1702,"(3:55) (No Huddle, Shotgun) D.Prescott pass incomplete deep middle to A.Cooper.",2,3,1,DAL,play_type_pass,IND,41,SHOTGUN,"1 RB, 1 TE, 3 WR",7.0,5.0,"4 DL, 2 LB, 5 DB",DESIGNED_ROLLOUT_LEFT,0.0,7.0,03:55:00,51.0,,,I,0,0,-1.35655581809652,False,48.0,2543811.0,35.49,25.91,,,,,,,,,,,,,9,3.9000000000000004
2018111105,3613,(2:54) (Shotgun) J.Rosen pass incomplete short left to R.Seals-Jones [D.Ford].,4,3,28,ARI,play_type_pass,ARI,47,SHOTGUN,"1 RB, 1 TE, 3 WR",4.0,4.0,"3 DL, 2 LB, 6 DB",TRADITIONAL,14.0,26.0,02:54:00,57.0,,,I,0,0,-1.22930579335684,False,38.0,2307.0,73.17,10.32,,,,,,,,,,,,,9,2.9000000000000004
2018111105,1849,"(:49) (No Huddle, Shotgun) P.Mahomes sacked at KC 36 for -8 yards (B.Mayowa).",2,2,3,KC,play_type_sack,KC,44,SHOTGUN,"1 RB, 1 TE, 3 WR",6.0,4.0,"4 DL, 2 LB, 5 DB",SCRAMBLE,7.0,20.0,00:49:00,66.0,,,S,-8,-8,-0.545967475904149,False,,,,,,,,,,,,,,,,,9,
2018122200,1656,"(1:25) (No Huddle, Shotgun) M.Mariota pass short left to D.Jennings ran ob at WAS 17 for 9 yards (G.Stroman).",2,1,10,TEN,play_type_pass,WAS,26,SHOTGUN,"1 RB, 1 TE, 3 WR",6.0,4.0,"2 DL, 4 LB, 5 DB",TRADITIONAL,10.0,6.0,01:25:00,84.0,,,C,9,9,0.399638871945394,False,30.0,2495190.0,75.87,20.99,47.0,2495190.0,71.66,29.04,,,,,2495190.0,6.0,24.0,2.4000000000000004,9,2.1
2018123008,1806,"(1:55) (No Huddle, Shotgun) D.Prescott pass deep middle to B.Jarwin for 19 yards, TOUCHDOWN.",2,3,9,DAL,play_type_pass,NYG,19,EMPTY,"0 RB, 2 TE, 3 WR",6.0,4.0,"2 DL, 3 LB, 6 DB",TRADITIONAL,7.0,0.0,01:55:00,29.0,,,C,19,19,3.40208226032813,False,36.0,2532875.0,15.19,45.74,,,,,,,,,,,,,9,2.7
2018101408,2204,(14:19) (Shotgun) A.Smith pass short middle to B.Quick to WAS 45 for 6 yards (C.Munnerlyn).,3,3,2,WAS,play_type_pass,WAS,39,SHOTGUN,"1 RB, 1 TE, 3 WR",6.0,4.0,"4 DL, 2 LB, 5 DB",TRADITIONAL,6.0,17.0,14:19:00,71.0,,,C,6,6,1.80686771983099,False,42.0,80668.0,64.57,21.66,49.0,80668.0,65.37,23.11,,,,,80668.0,37.0,5.0,0.5,9,3.3000000000000003
2018111104,1916,"(1:17) (No Huddle, Shotgun) B.Bortles pass short right to T.Yeldon ran ob at IND 34 for 20 yards (Q.Wilson).",2,2,4,JAX,play_type_pass,JAX,46,SHOTGUN,"1 RB, 1 TE, 3 WR",5.0,4.0,"4 DL, 1 LB, 6 DB",TRADITIONAL,13.0,29.0,01:17:00,56.0,,,C,20,20,1.2169560299942,False,34.0,2543477.0,49.13,23.74,45.0,2543477.0,49.58,23.68,,,,,2543477.0,5.0,29.0,2.9000000000000004,9,2.5
2018102808,1678,(4:10) (Shotgun) A.Luck pass short right to D.Inman to IND 44 for 8 yards (M.Gilchrist).,2,3,2,IND,play_type_pass,IND,36,SHOTGUN,"1 RB, 1 TE, 3 WR",6.0,5.0,"4 DL, 2 LB, 5 DB",TRADITIONAL,10.0,14.0,04:10:00,46.0,,,C,8,8,1.53929953384987,False,51.0,2495153.0,56.66,16.71,60.0,2495153.0,54.85,13.19,,,,,2495153.0,,,,9,4.2
2018102101,3121,"(10:05) (No Huddle, Shotgun) D.Brees pass short right to B.Watson to BLT 44 for 10 yards (T.Jefferson).",4,3,8,NO,play_type_pass,NO,46,SHOTGUN,"1 RB, 1 TE, 3 WR",5.0,4.0,"1 DL, 4 LB, 6 DB",TRADITIONAL,14.0,17.0,10:05:00,64.0,,,C,10,10,1.92445611405603,False,35.0,4365.0,54.01,47.37,50.0,4365.0,42.47,50.37,,,,,4365.0,6.0,29.0,2.9000000000000004,10,2.5
2018120213,2392,(13:21) (No Huddle) N.Mullens pass short right to M.Breida to SEA 20 for 26 yards (J.Coleman).,3,2,8,SF,play_type_pass,SEA,46,SINGLEBACK,"1 RB, 1 TE, 3 WR",7.0,4.0,"4 DL, 2 LB, 5 DB",TRADITIONAL,3.0,27.0,13:21:00,56.0,,,C,26,26,1.86753352184556,False,34.0,2532966.0,50.27,26.83,44.0,2532966.0,46.04,23.94,,,,,2532966.0,4.0,30.0,3.0,10,2.4000000000000004
2018101403,3924,(:35) (Shotgun) N.Peterman pass short middle intended for L.McCoy INTERCEPTED by K.Jackson (D.Ejiofor) at BUF 34. K.Jackson pushed ob at BUF 21 for 13 yards (D.Dawkins).,4,3,6,BUF,play_type_pass,BUF,30,SHOTGUN,"1 RB, 1 TE, 3 WR",6.0,4.0,"2 DL, 4 LB, 5 DB",SCRAMBLE_ROLLOUT_RIGHT,13.0,20.0,00:35:00,80.0,,,IN,0,0,-3.86247168303652,False,54.0,79607.0,77.27,29.23,,,,,70.0,79607.0,74.95,29.36,,,,,10,4.4
2018100705,2144,(:19) (Shotgun) B.Bortles pass short middle intended for T.Yeldon INTERCEPTED by S.Nelson [D.Ford] at KC -5. Touchback.,2,2,3,JAX,play_type_pass,KC,3,SHOTGUN,"1 RB, 1 TE, 3 WR",7.0,5.0,"3 DL, 3 LB, 5 DB",TRADITIONAL,0.0,20.0,00:19:00,107.0,,,IN,0,0,-5.09779485549155,False,35.0,2307.0,115.22,7.74,,,,,51.0,2307.0,118.6,14.21,,,,,10,2.5
2018112510,1160,(11:46) (Shotgun) K.Cousins pass short right to S.Diggs to GB 30 for 10 yards (I.Campbell).,2,3,5,MIN,play_type_pass,GB,40,SHOTGUN,"1 RB, 1 TE, 3 WR",6.0,5.0,"2 DL, 4 LB, 5 DB",TRADITIONAL,14.0,7.0,11:46:00,50.0,,,C,10,10,1.59318659856335,False,34.0,80431.0,57.35,25.29,45.0,80431.0,59.69,25.73,,,,,80431.0,,,,11,2.3000000000000003
2018112510,889,(:04) A.Rodgers pass short left to D.Adams pushed ob at MIN 14 for 6 yards (X.Rhodes).,1,2,1,GB,play_type_pass,MIN,20,SINGLEBACK,"1 RB, 2 TE, 2 WR",7.0,3.0,"4 DL, 2 LB, 5 DB",TRADITIONAL,7.0,7.0,00:04:00,30.0,,,C,6,6,0.624385227855853,False,20.0,497236.0,30.58,35.91,30.0,497236.0,29.21,39.82,,,,,497236.0,10.0,10.0,1.0,11,0.9
2018112510,937,(15:00) A.Rodgers pass short right to A.Jones to MIN 6 for 8 yards (S.Weatherly).,2,1,10,GB,play_type_pass,MIN,14,SINGLEBACK,"1 RB, 1 TE, 3 WR",7.0,2.0,"4 DL, 2 LB, 5 DB",SCRAMBLE_ROLLOUT_RIGHT,7.0,7.0,15:00:00,96.0,,,C,8,8,0.40576821867614,False,37.0,496790.0,96.73,32.86,48.0,496790.0,96.42,29.31,,,,,496790.0,11.0,26.0,2.6,11,2.6
2018112600,898,(:27) (Shotgun) D.Watson pass short left to De.Thomas to TEN 15 for 12 yards (K.Vaccaro).,1,2,9,HOU,play_type_pass,TEN,27,EMPTY,"1 RB, 2 TE, 2 WR",6.0,2.0,"3 DL, 4 LB, 4 DB",TRADITIONAL,10.0,7.0,00:27:00,83.0,,,C,12,12,1.01359478825076,False,22.0,2354.0,90.03,21.97,35.0,2354.0,90.3,26.02,,,,,2354.0,7.0,15.0,1.5,11,1.1
2018112510,1016,(14:16) (Shotgun) K.Cousins pass deep right to K.Rudolph to MIN 42 for 17 yards (I.Campbell).,2,1,10,MIN,play_type_pass,MIN,25,SHOTGUN,"1 RB, 1 TE, 3 WR",7.0,4.0,"2 DL, 4 LB, 5 DB",TRADITIONAL,14.0,7.0,14:16:00,85.0,,,C,17,17,1.10092509052816,False,36.0,80431.0,93.86,30.83,54.0,80431.0,92.95,27.81,,,,,80431.0,,,,11,2.5
2018112510,1063,(13:04) K.Cousins pass incomplete short left to A.Thielen.,2,2,7,MIN,play_type_pass,MIN,45,SINGLEBACK,"1 RB, 1 TE, 3 WR",7.0,4.0,"2 DL, 4 LB, 5 DB",TRADITIONAL,14.0,7.0,13:04:00,65.0,,,I,0,0,-0.884244501894289,False,40.0,80431.0,76.85,33.71,,,,,,,,,,,,,11,2.9000000000000004
2018112600,1750,(1:48) (Shotgun) M.Mariota pass short left to C.Batson to TEN 33 for 13 yards (J.Reid; A.Hal).,2,1,10,TEN,play_type_pass,TEN,20,SHOTGUN,"1 RB, 1 TE, 3 WR",6.0,4.0,"3 DL, 2 LB, 6 DB",TRADITIONAL,10.0,21.0,01:48:00,30.0,,,C,13,13,0.420737118420369,False,24.0,496735.0,33.89,35.18,39.0,496735.0,36.1,37.98,,,,,496735.0,,,,11,1.3
2018112510,1286,(10:10) (Shotgun) A.Rodgers sacked at GB 29 for -1 yards (T.Johnson).,2,3,5,GB,play_type_sack,GB,30,SHOTGUN,"1 RB, 1 TE, 3 WR",7.0,4.0,"4 DL, 2 LB, 5 DB",SCRAMBLE,14.0,14.0,10:10:00,40.0,,,S,-1,-1,-1.56921379984156,False,,,,,,,,,,,,,,,,,11,
2018112600,1711,(2:00) (Shotgun) D.Watson pass incomplete short right to R.Griffin.,2,3,4,HOU,play_type_pass,TEN,40,SHOTGUN,"1 RB, 2 TE, 2 WR",6.0,5.0,"1 DL, 5 LB, 5 DB",TRADITIONAL,10.0,21.0,02:00:00,50.0,,,I,0,0,-0.979940862678948,False,27.0,2354.0,46.35,32.62,,,,,,,,,,,,,11,1.6
2018112600,1650,(2:15) D.Watson pass incomplete deep left to D.Hopkins.,2,1,10,HOU,play_type_pass,TEN,46,SINGLEBACK,"1 RB, 2 TE, 2 WR",7.0,4.0,"2 DL, 4 LB, 5 DB",TRADITIONAL,10.0,21.0,02:15:00,56.0,,,I,0,0,-0.28608078496932,False,46.0,2354.0,43.39,26.55,,,,,,,,,,,,,11,3.5
2018112600,1566,"(3:36) (Shotgun) D.Watson pass short left to K.Coutee to HST 47 for 7 yards (M.Butler, L.Ryan).",2,1,10,HOU,play_type_pass,HOU,40,EMPTY,"1 RB, 1 TE, 3 WR",4.0,3.0,"2 DL, 4 LB, 5 DB",TRADITIONAL,10.0,21.0,03:36:00,70.0,,,C,7,7,-0.0408545850184767,False,31.0,2354.0,59.61,27.14,47.0,2354.0,56.53,22.58,,,,,2354.0,,,,11,2.0
2018112600,1062,(13:05) (Shotgun) M.Mariota pass short left to D.Lewis to HST 26 for 3 yards (W.Mercilus; K.Jackson).,2,2,5,TEN,play_type_pass,HOU,29,SHOTGUN,"2 RB, 1 TE, 2 WR",7.0,4.0,"4 DL, 3 LB, 4 DB",TRADITIONAL,10.0,14.0,13:05:00,81.0,,,C,3,3,-0.304236761451702,False,35.0,496735.0,86.29,44.26,48.0,496735.0,85.22,45.18,,,,,496735.0,4.0,31.0,3.1,11,2.4000000000000004
2018112600,1087,"(12:27) (Shotgun) M.Mariota pass short middle to L.Stocker to HST 12 for 14 yards (B.McKinney, B.Scarlett).",2,3,2,TEN,play_type_pass,HOU,26,EMPTY,"1 RB, 1 TE, 3 WR",6.0,4.0,"4 DL, 2 LB, 5 DB",TRADITIONAL,10.0,14.0,12:27:00,84.0,,,C,14,14,1.62591256211072,False,50.0,496735.0,87.68,12.01,64.0,496735.0,89.03,17.33,,,,,496735.0,49.0,1.0,0.1,11,3.9000000000000004
2018112510,1085,(13:00) (Shotgun) K.Cousins pass short right to K.Rudolph pushed ob at GB 45 for 10 yards (J.Jackson).,2,3,7,MIN,play_type_pass,MIN,45,SHOTGUN,"1 RB, 1 TE, 3 WR",6.0,3.0,"1 DL, 5 LB, 5 DB",TRADITIONAL,14.0,7.0,13:00:00,65.0,,,C,10,10,2.03223785635864,False,40.0,80431.0,72.49,32.7,52.0,80431.0,72.82,28.96,,,,,80431.0,10.0,30.0,3.0,11,2.9000000000000004
2018112600,1841,(1:14) (Shotgun) M.Mariota sacked at TEN 14 for -8 yards (sack split by J.Watt and C.Covington).,2,2,21,TEN,play_type_sack,TEN,22,SHOTGUN,"1 RB, 1 TE, 3 WR",6.0,4.0,"3 DL, 2 LB, 6 DB",TRADITIONAL,10.0,21.0,01:14:00,32.0,,,S,-8,-8,-0.650315059955261,False,,,,,,,,,,,,,,,,,11,
2018112600,1418,(6:03) (Shotgun) M.Mariota sacked at TEN 28 for -8 yards (C.Covington).,2,3,9,TEN,play_type_sack,TEN,36,SHOTGUN,"1 RB, 1 TE, 3 WR",5.0,5.0,"3 DL, 2 LB, 6 DB",TRADITIONAL,10.0,21.0,06:03:00,46.0,,,S,-8,-8,-1.90668109333085,False,,,,,,,,,,,,,,,,,11,
2018112510,1242,(11:01) A.Rodgers pass incomplete deep middle to J.Graham (J.Kearse).,2,1,10,GB,play_type_pass,GB,25,I_FORM,"1 RB, 2 TE, 2 WR",6.0,4.0,"4 DL, 2 LB, 5 DB",TRADITIONAL,14.0,14.0,11:01:00,35.0,,,I,0,0,-0.515567814831455,False,39.0,497236.0,47.65,20.85,,,,,,,,,,,,,11,2.8000000000000003
2018112600,1317,(8:43) (Shotgun) M.Mariota pass short right to D.Lewis to TEN 21 for 7 yards (B.Dunn).,2,1,20,TEN,play_type_pass,TEN,14,SHOTGUN,"1 RB, 2 TE, 2 WR",7.0,4.0,"4 DL, 3 LB, 4 DB",TRADITIONAL,10.0,21.0,08:43:00,24.0,,,C,7,7,0.193527702593967,False,36.0,496735.0,31.5,46.39,53.0,496735.0,35.38,41.51,,,,,496735.0,15.0,21.0,2.1,11,2.5
2018112600,1158,(10:18) (Shotgun) M.Mariota pass short middle to D.Lewis to HST 3 for 7 yards (C.Covington).,2,3,8,TEN,play_type_pass,HOU,10,EMPTY,"1 RB, 1 TE, 3 WR",6.0,4.0,"3 DL, 2 LB, 6 DB",SCRAMBLE,10.0,14.0,10:18:00,100.0,,,C,7,7,-0.294023947867241,False,50.0,496735.0,108.14,35.55,66.0,496735.0,107.27,30.67,,,,,496735.0,43.0,7.0,0.7000000000000001,11,3.9000000000000004
2018112510,1116,(12:28) (Shotgun) K.Cousins pass incomplete short right to L.Treadwell.,2,1,10,MIN,play_type_pass,GB,45,SHOTGUN,"1 RB, 1 TE, 3 WR",5.0,4.0,"3 DL, 3 LB, 5 DB",TRADITIONAL,14.0,7.0,12:28:00,55.0,,,I,0,0,-0.423842613993736,False,31.0,2495438.0,55.04,14.38,,,,,,,,,,,,,11,2.0
2018112510,1185,"(11:07) K.Cousins pass deep left to S.Diggs for 30 yards, TOUCHDOWN.",2,1,10,MIN,play_type_pass,GB,30,SINGLEBACK,"1 RB, 2 TE, 2 WR",6.0,5.0,"3 DL, 3 LB, 5 DB",TRADITIONAL,14.0,7.0,11:07:00,40.0,,,C,30,30,3.10158794782007,False,43.0,80431.0,50.57,26.8,,,,,,,,,,,,,11,3.2
2018112600,1480,"(4:55) D.Watson pass short right to D.Hopkins pushed ob at HST 27 for 9 yards (M.Butler). Penalty on TEN-M.Butler, Defensive Pass Interference, declined.",2,2,5,HOU,play_type_pass,HOU,18,SINGLEBACK,"1 RB, 2 TE, 2 WR",7.0,6.0,"2 DL, 4 LB, 5 DB",DESIGNED_ROLLOUT_RIGHT,10.0,21.0,04:55:00,92.0,DPI,TEN 21,C,9,9,1.13818541912655,True,44.0,2354.0,96.56,24.26,58.0,2354.0,97.25,22.26,,,,,2354.0,,,,11,3.3000000000000003
2018112510,842,(1:36) A.Rodgers pass deep right to E.St. Brown to MIN 29 for 23 yards (T.Waynes).,1,2,2,GB,play_type_pass,GB,48,I_FORM,"1 RB, 2 TE, 2 WR",8.0,5.0,"4 DL, 2 LB, 5 DB",SCRAMBLE,7.0,7.0,01:36:00,62.0,,,C,23,23,1.83875268248275,False,58.0,497236.0,44.67,15.25,76.0,497236.0,33.95,10.08,,,,,497236.0,2.0,56.0,5.6000000000000005,11,4.7
2018112600,851,(1:22) D.Watson pass deep left to D.Hopkins to TEN 28 for 28 yards (K.Vaccaro).,1,2,6,HOU,play_type_pass,HOU,44,SINGLEBACK,"1 RB, 2 TE, 2 WR",7.0,4.0,"3 DL, 4 LB, 4 DB",TRADITIONAL,10.0,7.0,01:22:00,54.0,,,C,28,28,2.17876230455462,False,43.0,2354.0,65.16,31.83,67.0,2354.0,75.88,44.14,,,,,2354.0,16.0,27.0,2.7,11,3.2
2018112509,4276,(1:07) (Shotgun) B.Roethlisberger pass short middle intended for A.Brown INTERCEPTED by S.Harris at DEN 0. Touchback.,4,3,2,PIT,play_type_pass,DEN,2,SHOTGUN,"1 RB, 1 TE, 3 WR",8.0,4.0,"3 DL, 2 LB, 6 DB",TRADITIONAL,17.0,24.0,01:07:00,108.0,,,IN,0,0,-5.40013259438415,False,31.0,494307.0,110.33,34.92,,,,,40.0,494307.0,110.24,38.37,,,,,11,2.0
2018112510,51,(15:00) (Shotgun) K.Cousins pass short right to S.Diggs to MIN 30 for 5 yards (J.Alexander).,1,1,10,MIN,play_type_pass,MIN,25,SHOTGUN,"1 RB, 2 TE, 2 WR",7.0,4.0,"3 DL, 4 LB, 4 DB",TRADITIONAL,0.0,0.0,15:00:00,35.0,,,C,5,5,-0.187037343623493,False,27.0,80431.0,32.19,25.85,38.0,80431.0,30.04,24.25,,,,,80431.0,9.0,18.0,1.8,11,1.6
2018112510,76,(14:27) K.Cousins pass short right to K.Rudolph to MIN 34 for 4 yards (B.Martinez; A.Morrison).,1,2,5,MIN,play_type_pass,MIN,30,SINGLEBACK,"1 RB, 2 TE, 2 WR",7.0,3.0,"3 DL, 4 LB, 4 DB",TRADITIONAL,0.0,0.0,14:27:00,40.0,,,C,4,4,-0.660465393161287,False,52.0,80431.0,36.86,25.6,61.0,80431.0,36.29,23.59,,,,,80431.0,33.0,19.0,1.9000000000000001,11,4.1000000000000005
2018112600,2550,(7:17) M.Mariota pass short left to D.Henry to TEN 45 for 8 yards (B.McKinney).,3,1,10,TEN,play_type_pass,TEN,37,SINGLEBACK,"1 RB, 2 TE, 2 WR",7.0,4.0,"4 DL, 3 LB, 4 DB",TRADITIONAL,10.0,27.0,07:17:00,47.0,,,C,8,8,0.0066171293606274,False,37.0,496735.0,62.72,36.8,55.0,496735.0,69.06,41.88,,,,,496735.0,8.0,29.0,2.9000000000000004,11,2.6
2018112600,2525,"(7:58) (Shotgun) M.Mariota pass short right to M.Pruitt to TEN 37 for 13 yards (W.Mercilus, J.Joseph).",3,2,8,TEN,play_type_pass,TEN,24,SHOTGUN,"1 RB, 3 TE, 1 WR",5.0,4.0,"4 DL, 3 LB, 4 DB",TRADITIONAL,10.0,27.0,07:58:00,34.0,,,C,13,13,1.42932913499482,False,31.0,496735.0,41.54,45.31,48.0,496735.0,45.05,43.13,,,,,496735.0,16.0,15.0,1.5,11,2.0
2018112510,237,"(11:30) (No Huddle, Shotgun) A.Rodgers pass incomplete short left to D.Adams.",1,3,8,GB,play_type_pass,GB,31,SHOTGUN,"1 RB, 1 TE, 3 WR",7.0,4.0,"4 DL, 2 LB, 5 DB",SCRAMBLE_ROLLOUT_LEFT,0.0,0.0,11:30:00,79.0,,,I,0,0,-1.6906586195076,False,61.0,2495888.0,87.01,22.77,,,,,,,,,,,,,11,5.0
2018112510,291,(11:14) (Shotgun) K.Cousins pass short left to S.Diggs to MIN 14 for -10 yards (J.Alexander).,1,1,10,MIN,play_type_pass,MIN,24,SHOTGUN,"1 RB, 1 TE, 3 WR",6.0,5.0,"3 DL, 3 LB, 5 DB",TRADITIONAL,0.0,0.0,11:14:00,34.0,,,C,-10,-10,-1.56163141531458,False,24.0,80431.0,32.68,29.51,31.0,80431.0,32.66,30.77,,,,,80431.0,58.0,-34.0,-3.4000000000000004,11,1.3
2018112600,2391,(10:27) (Shotgun) D.Watson pass short left to D.Hopkins to TEN 33 for 8 yards (J.Brown).,3,2,13,HOU,play_type_pass,TEN,41,SHOTGUN,"1 RB, 2 TE, 2 WR",7.0,4.0,"2 DL, 4 LB, 5 DB",TRADITIONAL,10.0,24.0,10:27:00,51.0,,,C,8,8,-0.0802267715850045,False,49.0,2354.0,38.22,27.69,62.0,2354.0,39.73,20.64,,,,,2354.0,7.0,42.0,4.2,11,3.8000000000000003
2018112510,316,(10:27) (Shotgun) K.Cousins pass short right to L.Treadwell to MIN 20 for 6 yards (J.Jackson; B.Martinez).,1,2,20,MIN,play_type_pass,MIN,14,SHOTGUN,"2 RB, 0 TE, 3 WR",6.0,4.0,"2 DL, 3 LB, 6 DB",TRADITIONAL,0.0,0.0,10:27:00,24.0,,,C,6,6,-0.279336561452945,False,32.0,80431.0,19.58,28.47,41.0,80431.0,18.46,27.23,,,,,80431.0,10.0,22.0,2.2,11,2.1
2018112510,341,(9:41) (Shotgun) K.Cousins pass incomplete short left to A.Robinson.,1,3,14,MIN,play_type_pass,MIN,20,SHOTGUN,"1 RB, 1 TE, 3 WR",6.0,3.0,"1 DL, 4 LB, 6 DB",TRADITIONAL,0.0,0.0,09:41:00,30.0,,,I,0,0,-1.54891928083564,False,29.0,80431.0,23.2,27.32,,,,,,,,,,,,,11,1.8
2018112510,382,(9:31) A.Rodgers pass incomplete short right to M.Valdes-Scantling (T.Waynes).,1,1,10,GB,play_type_pass,GB,32,I_FORM,"1 RB, 1 TE, 3 WR",6.0,3.0,"4 DL, 2 LB, 5 DB",TRADITIONAL,0.0,0.0,09:31:00,78.0,,,I,0,0,-0.539501350090842,False,37.0,2495888.0,75.9,21.56,,,,,,,,,,,,,11,2.6
2018112510,481,(8:07) (Shotgun) A.Rodgers pass short right to M.Lewis to MIN 22 for 4 yards (H.Smith).,1,2,5,GB,play_type_pass,MIN,26,SHOTGUN,"1 RB, 1 TE, 3 WR",6.0,4.0,"4 DL, 2 LB, 5 DB",TRADITIONAL,0.0,0.0,08:07:00,36.0,,,C,4,4,-0.204132031589511,False,33.0,2495888.0,34.86,43.51,44.0,2495888.0,33.0,48.6,,,,,2495888.0,10.0,23.0,2.3000000000000003,11,2.2
2018112600,1947,(:45) (Shotgun) D.Watson pass short left to J.Akins to HST 46 for 8 yards (L.Ryan).,2,1,10,HOU,play_type_pass,HOU,38,SHOTGUN,"1 RB, 1 TE, 3 WR",6.0,4.0,"1 DL, 5 LB, 5 DB",TRADITIONAL,10.0,21.0,00:45:00,72.0,,,C,8,8,-0.0287619002512851,False,39.0,2354.0,64.53,21.76,54.0,2354.0,64.43,14.83,,,,,2354.0,6.0,33.0,3.3000000000000003,11,2.8000000000000003
2018112510,550,"(6:01) A.Rodgers pass short left to D.Adams for 15 yards, TOUCHDOWN.",1,2,7,GB,play_type_pass,MIN,15,SINGLEBACK,"1 RB, 1 TE, 3 WR",7.0,0.0,"4 DL, 2 LB, 5 DB",TRADITIONAL,0.0,0.0,06:01:00,25.0,,,C,15,15,2.37756823936275,False,24.0,2495888.0,25.08,38.03,40.0,2495888.0,23.8,44.74,,,,,2495888.0,,,,11,1.3
2018112600,2302,(11:56) (Shotgun) D.Watson pass short left to D.Hopkins pushed ob at TEN 38 for 5 yards (A.Jackson).,3,4,1,HOU,play_type_pass,TEN,43,SHOTGUN,"1 RB, 1 TE, 3 WR",8.0,6.0,"2 DL, 4 LB, 5 DB",TRADITIONAL,10.0,24.0,11:56:00,53.0,,,C,5,5,3.11963428156868,False,27.0,2354.0,51.83,23.25,41.0,2354.0,56.41,19.74,,,,,2354.0,,,,11,1.6
2018112600,2255,(13:21) (Shotgun) D.Watson pass short left to A.Blue to TEN 49 for 13 yards (W.Woodyard).,3,2,20,HOU,play_type_pass,HOU,38,SHOTGUN,"2 RB, 0 TE, 3 WR",6.0,4.0,"2 DL, 4 LB, 5 DB",TRADITIONAL,10.0,24.0,13:21:00,72.0,,,C,13,13,0.0268247243607973,False,38.0,2354.0,59.22,25.4,51.0,2354.0,56.61,20.65,,,,,2354.0,16.0,22.0,2.2,11,2.7
2018112510,654,(4:58) (Shotgun) K.Cousins pass short middle to K.Rudolph to MIN 46 for 9 yards (B.Martinez).,1,1,10,MIN,play_type_pass,MIN,37,EMPTY,"2 RB, 1 TE, 2 WR",5.0,3.0,"3 DL, 4 LB, 4 DB",TRADITIONAL,7.0,0.0,04:58:00,47.0,,,C,9,9,0.072121047365943,False,33.0,80431.0,41.16,26.37,42.0,80431.0,40.9,22.26,,,,,80431.0,10.0,23.0,2.3000000000000003,11,2.2
2018112600,2226,(13:27) (Shotgun) D.Watson pass incomplete short middle to J.Thomas.,3,1,20,HOU,play_type_pass,HOU,38,SHOTGUN,"1 RB, 1 TE, 3 WR",7.0,5.0,"2 DL, 4 LB, 5 DB",TRADITIONAL,10.0,24.0,13:27:00,72.0,,,I,0,0,-0.52209789963934,False,42.0,2354.0,59.95,21.83,,,,,,,,,,,,,11,3.1
2018112510,701,(3:43) (Shotgun) K.Cousins pass short right to S.Diggs to GB 26 for 24 yards (J.Jackson).,1,1,10,MIN,play_type_pass,,50,SHOTGUN,"1 RB, 1 TE, 3 WR",6.0,4.0,"2 DL, 4 LB, 5 DB",TRADITIONAL,7.0,0.0,03:43:00,60.0,,,C,24,24,1.35263109201427,False,32.0,2495331.0,66.39,47.45,43.0,2495331.0,72.58,49.92,,,,,2495331.0,12.0,20.0,2.0,11,2.1
2018112600,2168,(14:25) (Shotgun) D.Watson pass short right to R.Griffin to HST 48 for 22 yards (K.Byard).,3,3,9,HOU,play_type_pass,HOU,26,SHOTGUN,"1 RB, 1 TE, 3 WR",6.0,5.0,"1 DL, 5 LB, 5 DB",TRADITIONAL,10.0,24.0,14:25:00,84.0,,,C,22,22,2.8896098871391,False,40.0,2354.0,81.84,23.0,56.0,2354.0,74.7,26.66,,,,,2354.0,,,,11,2.9000000000000004
2018112600,2146,(14:29) (Shotgun) D.Watson pass incomplete short middle to De.Thomas.,3,2,9,HOU,play_type_pass,HOU,26,SHOTGUN,"1 RB, 1 TE, 3 WR",6.0,6.0,"2 DL, 4 LB, 5 DB",TRADITIONAL,10.0,24.0,14:29:00,84.0,,,I,0,0,-0.926269108336449,False,37.0,2354.0,87.3,26.42,,,,,,,,,,,,,11,2.6
2018112510,726,"(3:00) K.Cousins pass short right to D.Cook for 26 yards, TOUCHDOWN. GB-K.Brice was injured during the play.",1,1,10,MIN,play_type_pass,GB,26,I_FORM,"1 RB, 1 TE, 3 WR",6.0,4.0,"2 DL, 4 LB, 5 DB",TRADITIONAL,7.0,0.0,03:00:00,84.0,,,C,26,26,2.87026306144989,False,30.0,2495438.0,77.93,33.17,41.0,2495438.0,79.74,35.68,,,,,2495438.0,7.0,23.0,2.3000000000000003,11,1.9000000000000001
2018112600,2043,(:03) D.Watson spiked the ball to stop the clock.,2,2,5,HOU,play_type_pass,TEN,25,,"1 RB, 1 TE, 3 WR",5.0,0.0,"1 DL, 5 LB, 5 DB",UNKNOWN,10.0,21.0,00:03:00,35.0,,,I,0,0,-0.238255314057807,False,,,,,,,,,,,,,,,,,11,
2018112510,786,(2:53) A.Rodgers pass short right to E.St. Brown pushed ob at GB 40 for 15 yards (T.Waynes).,1,1,10,GB,play_type_pass,GB,25,SINGLEBACK,"1 RB, 2 TE, 2 WR",7.0,2.0,"4 DL, 2 LB, 5 DB",TRADITIONAL,7.0,7.0,02:53:00,85.0,,,C,15,15,0.966914839213949,False,42.0,2495187.0,91.41,29.75,60.0,2495187.0,92.39,29.76,,,,,2495187.0,11.0,31.0,3.1,11,3.1
2018112600,1972,(:25) (Shotgun) D.Watson pass deep right to D.Hopkins ran ob at TEN 30 for 24 yards.,2,2,2,HOU,play_type_pass,HOU,46,SHOTGUN,"1 RB, 1 TE, 3 WR",6.0,3.0,"1 DL, 5 LB, 5 DB",SCRAMBLE_ROLLOUT_RIGHT,10.0,21.0,00:25:00,64.0,,,C,24,24,1.35132111223106,False,49.0,2354.0,46.64,24.71,67.0,2354.0,38.6,26.77,,,,,2354.0,,,,11,3.8000000000000003
2018112510,817,(2:19) A.Rodgers pass short left to L.Kendricks to GB 48 for 8 yards (J.Kearse; E.Kendricks).,1,1,10,GB,play_type_pass,GB,40,SINGLEBACK,"1 RB, 2 TE, 2 WR",8.0,2.0,"4 DL, 2 LB, 5 DB",DESIGNED_ROLLOUT_LEFT,7.0,7.0,02:19:00,70.0,,,C,8,8,0.0258873224750849,False,39.0,497236.0,68.96,11.59,49.0,497236.0,64.67,6.02,,,,,497236.0,12.0,27.0,2.7,11,2.8000000000000003
2018112600,2366,(11:11) (Shotgun) D.Watson pass short middle to K.Coutee to TEN 41 for 7 yards (J.Brown; L.Ryan).,3,1,20,HOU,play_type_pass,TEN,48,SHOTGUN,"1 RB, 1 TE, 3 WR",6.0,4.0,"2 DL, 4 LB, 5 DB",TRADITIONAL,10.0,24.0,11:11:00,58.0,,,C,7,7,0.0303428626230624,False,40.0,2354.0,46.03,27.67,54.0,2354.0,44.55,22.53,,,,,2354.0,,,,11,2.9000000000000004
2018112600,778,(2:37) (Shotgun) M.Mariota pass short middle to D.Lewis to TEN 41 for 4 yards (T.Mathieu).,1,3,19,TEN,play_type_pass,TEN,37,SHOTGUN,"1 RB, 1 TE, 3 WR",6.0,4.0,"3 DL, 2 LB, 6 DB",TRADITIONAL,10.0,7.0,02:37:00,73.0,,,C,4,4,-1.49776281030355,False,34.0,496735.0,62.08,19.63,48.0,496735.0,63.67,22.82,,,,,496735.0,,,,11,2.3000000000000003
2018112600,591,"(5:28) (Shotgun) D.Watson pass short right to De.Thomas for 12 yards, TOUCHDOWN.",1,2,10,HOU,play_type_pass,TEN,12,EMPTY,"1 RB, 1 TE, 3 WR",5.0,4.0,"2 DL, 4 LB, 5 DB",TRADITIONAL,10.0,0.0,05:28:00,98.0,,,C,12,12,2.15821275642381,False,37.0,2354.0,100.03,27.89,,,,,,,,,,,,,11,2.6
2018112510,1354,(8:22) K.Cousins pass deep right to A.Thielen to GB 49 for 33 yards (J.Alexander).,2,2,9,MIN,play_type_pass,MIN,18,SINGLEBACK,"1 RB, 2 TE, 2 WR",6.0,5.0,"2 DL, 4 LB, 5 DB",TRADITIONAL,14.0,14.0,08:22:00,92.0,,,C,33,33,2.64710182606342,False,40.0,80431.0,101.52,31.74,60.0,80431.0,96.36,39.36,,,,,80431.0,,,,11,2.9000000000000004
2018112510,3622,"(3:56) (No Huddle, Shotgun) A.Rodgers pass short middle to J.Graham to GB 44 for 9 yards (A.Barr).",4,1,10,GB,play_type_pass,GB,35,SHOTGUN,"1 RB, 1 TE, 3 WR",6.0,4.0,"4 DL, 2 LB, 5 DB",TRADITIONAL,14.0,24.0,03:56:00,75.0,,,C,9,9,0.0700015518543218,False,31.0,497236.0,70.35,30.03,39.0,497236.0,68.13,29.37,,,,,497236.0,10.0,21.0,2.1,11,2.0
2018112510,3597,"(4:18) (No Huddle, Shotgun) A.Rodgers pass deep middle to J.Graham to GB 35 for 25 yards (A.Harris).",4,2,7,GB,play_type_pass,GB,10,SHOTGUN,"1 RB, 1 TE, 3 WR",6.0,4.0,"4 DL, 2 LB, 5 DB",TRADITIONAL,14.0,24.0,04:18:00,100.0,,,C,25,25,2.19152673649163,False,36.0,497236.0,88.7,21.17,50.0,497236.0,79.33,24.77,,,,,497236.0,13.0,23.0,2.3000000000000003,11,2.5
2018112510,3572,(4:51) (Shotgun) A.Rodgers pass short right to M.Valdes-Scantling to GB 10 for 3 yards (X.Rhodes).,4,1,10,GB,play_type_pass,GB,7,SHOTGUN,"1 RB, 1 TE, 3 WR",6.0,4.0,"4 DL, 2 LB, 5 DB",TRADITIONAL,14.0,24.0,04:51:00,103.0,,,C,3,3,-0.0496185356052887,False,34.0,497236.0,98.3,21.19,49.0,497236.0,96.48,21.58,,,,,497236.0,11.0,23.0,2.3000000000000003,11,2.3000000000000003
2018112510,2275,(12:29) A.Rodgers pass short left to D.Adams to MIN 47 for 3 yards (X.Rhodes; M.Alexander).,3,1,10,GB,play_type_pass,,50,SINGLEBACK,"1 RB, 1 TE, 3 WR",6.0,3.0,"4 DL, 2 LB, 5 DB",TRADITIONAL,14.0,14.0,12:29:00,60.0,,,C,3,3,-0.264172692950275,False,20.0,2495187.0,59.31,17.36,31.0,2495187.0,60.12,13.54,,,,,2495187.0,12.0,8.0,0.8,11,0.9
2018112510,2300,(11:51) (Shotgun) A.Rodgers pass incomplete short left to A.Jones. GB-L.Taylor was injured during the play.,3,2,7,GB,play_type_pass,MIN,47,SHOTGUN,"1 RB, 1 TE, 3 WR",6.0,4.0,"4 DL, 2 LB, 5 DB",TRADITIONAL,14.0,14.0,11:51:00,63.0,,,I,0,0,-0.842979763298517,False,63.0,2495187.0,68.27,15.55,,,,,,,,,,,,,11,5.2
2018112510,2329,(11:44) (Shotgun) A.Rodgers pass incomplete deep left to D.Adams.,3,3,7,GB,play_type_pass,MIN,47,SHOTGUN,"1 RB, 1 TE, 3 WR",7.0,5.0,"4 DL, 2 LB, 5 DB",TRADITIONAL,14.0,14.0,11:44:00,63.0,,,I,0,0,-1.73335952015828,False,36.0,2495187.0,59.22,23.26,,,,,,,,,,,,,11,2.5
2018112510,3550,(4:54) (Shotgun) K.Cousins pass incomplete short left to S.Diggs (R.Gilbert).,4,4,2,MIN,play_type_pass,GB,7,SHOTGUN,"1 RB, 1 TE, 3 WR",7.0,5.0,"3 DL, 3 LB, 5 DB",TRADITIONAL,14.0,24.0,04:54:00,103.0,,,I,0,0,-3.67572551541963,False,26.0,80431.0,102.99,16.13,,,,,,,,,,,,,11,1.5
2018112510,3506,(5:47) (Shotgun) K.Cousins pass incomplete deep left to S.Diggs [T.Lancaster].,4,2,13,MIN,play_type_pass,GB,18,SHOTGUN,"1 RB, 1 TE, 3 WR",6.0,4.0,"2 DL, 4 LB, 5 DB",TRADITIONAL,14.0,24.0,05:47:00,92.0,,,I,0,0,-0.427088484821103,False,32.0,80431.0,87.51,27.98,,,,,,,,,,,,,11,2.1
2018112509,4232,(1:57) (Shotgun) B.Roethlisberger pass incomplete short right to J.Smith-Schuster.,4,1,3,PIT,play_type_pass,DEN,3,SHOTGUN,"1 RB, 1 TE, 3 WR",8.0,2.0,"3 DL, 2 LB, 6 DB",TRADITIONAL,17.0,24.0,01:57:00,107.0,,,I,0,0,-0.154185915830523,False,25.0,494307.0,108.66,31.97,,,,,,,,,,,,,11,1.4000000000000001
2018112510,2406,(10:53) (Shotgun) K.Cousins pass incomplete deep right to A.Abdullah.,3,2,7,MIN,play_type_pass,MIN,28,SHOTGUN,"1 RB, 1 TE, 3 WR",5.0,4.0,"2 DL, 4 LB, 5 DB",TRADITIONAL,14.0,14.0,10:53:00,82.0,,,I,0,0,-0.931509483628988,False,33.0,80431.0,87.12,25.47,,,,,,,,,,,,,11,2.2
2018112510,3408,(6:46) (Shotgun) K.Cousins sacked at GB 37 for -8 yards (D.Lowry).,4,3,5,MIN,play_type_sack,GB,29,SHOTGUN,"1 RB, 1 TE, 3 WR",5.0,4.0,"2 DL, 4 LB, 5 DB",TRADITIONAL,14.0,24.0,06:46:00,81.0,,,S,-8,-8,-1.99642440014692,False,,,,,,,,,,,,,,,,,11,
2018112510,3339,(8:39) K.Cousins pass short left to C.Ham pushed ob at GB 34 for 13 yards (A.Morrison).,4,3,1,MIN,play_type_pass,GB,47,I_FORM,"2 RB, 1 TE, 2 WR",7.0,4.0,"3 DL, 4 LB, 4 DB",TRADITIONAL,14.0,24.0,08:39:00,63.0,,,C,13,13,1.92918926061805,False,35.0,80431.0,66.67,18.26,44.0,80431.0,67.69,16.71,,,,,80431.0,22.0,13.0,1.3,11,2.4000000000000004
2018112510,3264,(10:38) (Shotgun) K.Cousins pass deep left to A.Thielen pushed ob at MIN 44 for 20 yards (J.Jones).,4,3,6,MIN,play_type_pass,MIN,24,SHOTGUN,"1 RB, 1 TE, 3 WR",6.0,5.0,"2 DL, 4 LB, 5 DB",TRADITIONAL,14.0,24.0,10:38:00,34.0,,,C,20,20,2.63379374932412,False,42.0,80431.0,22.71,24.33,60.0,80431.0,21.43,23.79,,,,,80431.0,54.0,-12.0,-1.2000000000000002,11,3.1
2018112510,3242,(10:42) K.Cousins pass incomplete short left to L.Treadwell.,4,2,6,MIN,play_type_pass,MIN,24,SINGLEBACK,"1 RB, 1 TE, 3 WR",7.0,5.0,"3 DL, 3 LB, 5 DB",DESIGNED_ROLLOUT_LEFT,14.0,24.0,10:42:00,34.0,,,I,0,0,-0.871506816829642,False,39.0,80431.0,24.35,24.58,,,,,,,,,,,,,11,2.8000000000000003
2018112510,2498,(9:12) A.Rodgers pass short left to A.Jones to GB 43 for 3 yards (X.Rhodes).,3,2,5,GB,play_type_pass,GB,40,SINGLEBACK,"1 RB, 1 TE, 3 WR",6.0,4.0,"4 DL, 2 LB, 5 DB",TRADITIONAL,14.0,14.0,09:12:00,50.0,,,C,3,3,-0.710104548442639,False,36.0,2495888.0,53.8,7.63,46.0,2495888.0,54.72,2.98,,,,,2495888.0,,,,11,2.5
2018112510,2584,(7:21) (Shotgun) K.Cousins pass short right to D.Cook to GB 31 for 13 yards (J.Jackson).,3,1,10,MIN,play_type_pass,GB,44,SHOTGUN,"1 RB, 1 TE, 3 WR",6.0,4.0,"2 DL, 3 LB, 6 DB",TRADITIONAL,14.0,14.0,07:21:00,54.0,,,C,13,13,0.700992212625139,False,30.0,80431.0,60.22,31.83,42.0,80431.0,62.26,30.9,,,,,80431.0,51.0,-21.0,-2.1,11,1.9000000000000001
2018112510,3137,(13:35) (Shotgun) A.Rodgers sacked at GB 37 for -7 yards (S.Richardson).,4,3,4,GB,play_type_sack,GB,44,SHOTGUN,"1 RB, 1 TE, 3 WR",7.0,4.0,"4 DL, 2 LB, 5 DB",TRADITIONAL,14.0,24.0,13:35:00,66.0,,,S,-7,-7,-2.11580198230722,False,,,,,,,,,,,,,,,,,11,
2018112510,2609,(6:38) (Shotgun) K.Cousins pass short left to S.Diggs pushed ob at GB 26 for 5 yards (T.Williams).,3,1,10,MIN,play_type_pass,GB,31,SHOTGUN,"1 RB, 1 TE, 3 WR",5.0,4.0,"2 DL, 3 LB, 6 DB",TRADITIONAL,14.0,14.0,06:38:00,41.0,,,C,5,5,0.0085869006400787,False,32.0,80431.0,47.11,31.63,46.0,80431.0,51.5,26.26,,,,,80431.0,10.0,22.0,2.2,11,2.1
2018112510,3093,(14:16) A.Rodgers pass incomplete deep left to E.St. Brown.,4,1,10,GB,play_type_pass,GB,38,SINGLEBACK,"1 RB, 1 TE, 3 WR",7.0,4.0,"4 DL, 2 LB, 5 DB",TRADITIONAL,14.0,24.0,14:16:00,72.0,,,I,0,0,-0.515243937904279,False,50.0,2495187.0,81.01,32.06,,,,,,,,,,,,,11,3.9000000000000004
2018112510,2634,(6:07) (Shotgun) K.Cousins pass short left to A.Thielen pushed ob at GB 13 for 13 yards (J.Jones).,3,2,5,MIN,play_type_pass,GB,26,EMPTY,"1 RB, 1 TE, 3 WR",5.0,3.0,"2 DL, 3 LB, 6 DB",TRADITIONAL,14.0,14.0,06:07:00,36.0,,,C,13,13,1.06744231017697,False,38.0,80431.0,41.95,28.9,46.0,80431.0,41.66,28.56,,,,,80431.0,43.0,-5.0,-0.5,11,2.7
2018112510,3029,(:27) (Shotgun) A.Rodgers pass short right to L.Kendricks to GB 31 for 6 yards (T.Waynes).,3,1,10,GB,play_type_pass,GB,25,SHOTGUN,"1 RB, 1 TE, 3 WR",6.0,4.0,"4 DL, 2 LB, 5 DB",SCRAMBLE_ROLLOUT_RIGHT,14.0,24.0,00:27:00,35.0,,,C,6,6,-0.117282412396452,False,64.0,2495187.0,40.94,5.0,77.0,2495187.0,39.78,2.83,,,,,2495187.0,15.0,49.0,4.9,11,5.300000000000001
2018112510,2716,(4:14) (Shotgun) K.Cousins sacked at GB 19 for -9 yards (K.Clark).,3,3,7,MIN,play_type_sack,GB,10,SHOTGUN,"1 RB, 1 TE, 3 WR",5.0,3.0,"1 DL, 4 LB, 6 DB",TRADITIONAL,14.0,14.0,04:14:00,20.0,,,S,-9,-9,-1.70031370765488,False,,,,,,,,,,,,,,,,,11,
2018112510,2792,(2:47) A.Rodgers pass incomplete short right.,3,2,8,GB,play_type_pass,GB,27,SINGLEBACK,"1 RB, 2 TE, 2 WR",6.0,3.0,"4 DL, 2 LB, 5 DB",DESIGNED_ROLLOUT_RIGHT,14.0,17.0,02:47:00,37.0,,,I,0,0,-0.929470701737681,False,41.0,2495187.0,41.78,17.71,,,,,,,,,,,,,11,3.0
2018112510,2837,(2:42) (Shotgun) A.Rodgers sacked at GB 13 for -9 yards (S.Richardson).,3,3,13,GB,play_type_sack,GB,22,SHOTGUN,"1 RB, 1 TE, 3 WR",6.0,4.0,"4 DL, 2 LB, 5 DB",TRADITIONAL,14.0,17.0,02:42:00,32.0,,,S,-9,-9,-2.205129130619,False,,,,,,,,,,,,,,,,,11,
2018112510,2972,"(:36) K.Cousins pass short middle to A.Thielen for 14 yards, TOUCHDOWN.",3,2,5,MIN,play_type_pass,GB,14,SINGLEBACK,"1 RB, 1 TE, 3 WR",6.0,4.0,"3 DL, 3 LB, 5 DB",DESIGNED_ROLLOUT_RIGHT,14.0,17.0,00:36:00,24.0,,,C,14,14,2.29540244036411,False,59.0,80431.0,25.72,32.66,66.0,80431.0,22.49,36.58,,,,,80431.0,,,,11,4.800000000000001
2018112510,2206,(14:16) (Shotgun) A.Rodgers pass short left to A.Jones pushed ob at GB 39 for 10 yards (M.Alexander).,3,2,6,GB,play_type_pass,GB,29,SHOTGUN,"1 RB, 1 TE, 3 WR",7.0,4.0,"4 DL, 2 LB, 5 DB",TRADITIONAL,14.0,14.0,14:16:00,39.0,,,C,10,10,1.16140003206447,False,34.0,2495888.0,43.75,15.32,45.0,2495888.0,45.25,15.15,,,,,2495888.0,5.0,29.0,2.9000000000000004,11,2.3000000000000003
2018112510,3647,"(3:31) (No Huddle, Shotgun) A.Rodgers sacked at GB 35 for -9 yards (E.Griffen).",4,2,1,GB,play_type_sack,GB,44,SHOTGUN,"1 RB, 1 TE, 3 WR",6.0,4.0,"4 DL, 2 LB, 5 DB",TRADITIONAL,14.0,24.0,03:31:00,66.0,,,S,-9,-9,-1.07415674732453,False,,,,,,,,,,,,,,,,,11,
2018112510,3667,"(2:46) (No Huddle, Shotgun) A.Rodgers pass deep right to D.Adams pushed ob at MIN 29 for 36 yards (X.Rhodes). MIN-X.Rhodes was injured during the play.",4,3,10,GB,play_type_pass,GB,35,SHOTGUN,"1 RB, 1 TE, 3 WR",6.0,4.0,"4 DL, 2 LB, 5 DB",SCRAMBLE,14.0,24.0,02:46:00,75.0,,,C,36,36,2.7776730664116,False,46.0,2506363.0,79.24,27.65,69.0,2506363.0,70.32,27.47,,,,,2506363.0,16.0,30.0,3.0,11,3.5
2018112510,3695,(2:38) (Shotgun) A.Rodgers pass short right to D.Adams ran ob at MIN 20 for 9 yards.,4,1,10,GB,play_type_pass,MIN,29,SHOTGUN,"1 RB, 1 TE, 3 WR",7.0,5.0,"4 DL, 2 LB, 5 DB",SCRAMBLE_ROLLOUT_RIGHT,14.0,24.0,02:38:00,39.0,,,C,9,9,0.348255779535352,False,44.0,497236.0,38.03,17.74,58.0,497236.0,33.77,9.72,,,,,497236.0,10.0,34.0,3.4000000000000004,11,3.3000000000000003
2018112510,1379,(7:33) (Shotgun) K.Cousins pass short right to K.Rudolph to GB 38 for 11 yards (B.Martinez).,2,1,10,MIN,play_type_pass,GB,49,EMPTY,"1 RB, 1 TE, 3 WR",5.0,3.0,"3 DL, 3 LB, 5 DB",TRADITIONAL,14.0,14.0,07:33:00,59.0,,,C,11,11,0.6634023456825,False,49.0,2495438.0,46.45,30.99,60.0,2495438.0,48.09,36.1,,,,,2495438.0,11.0,38.0,3.8000000000000003,11,3.8000000000000003
2018112510,2900,(1:46) (Shotgun) K.Cousins pass incomplete deep middle to S.Diggs.,3,1,10,MIN,play_type_pass,GB,31,SHOTGUN,"1 RB, 2 TE, 2 WR",5.0,4.0,"3 DL, 4 LB, 4 DB",TRADITIONAL,14.0,17.0,01:46:00,41.0,,,I,0,0,-0.292839901547119,False,42.0,80431.0,44.75,20.38,,,,,,,,,,,,,11,3.1
2018112600,569,(6:03) (Shotgun) D.Watson sacked at TEN 12 for 0 yards (K.Vaccaro).,1,1,10,HOU,play_type_sack,TEN,12,SHOTGUN,"1 RB, 1 TE, 3 WR",6.0,7.0,"2 DL, 4 LB, 5 DB",SCRAMBLE,10.0,0.0,06:03:00,98.0,,,S,0,0,-0.182948768981391,False,,,,,,,,,,,,,,,,,11,
2018112600,377,"(9:31) M.Mariota pass short middle to J.Smith for 61 yards, TOUCHDOWN.",1,2,2,TEN,play_type_pass,TEN,39,SINGLEBACK,"1 RB, 3 TE, 1 WR",7.0,5.0,"4 DL, 3 LB, 4 DB",TRADITIONAL,3.0,0.0,09:31:00,71.0,,,C,61,61,5.44697077660494,False,34.0,496735.0,59.96,11.34,49.0,496735.0,56.54,10.68,,,,,496735.0,,,,11,2.3000000000000003
2018112600,303,(10:49) (Shotgun) D.Watson sacked at HST 22 for -11 yards (sack split by J.Brown and D.Morgan).,1,3,2,HOU,play_type_sack,HOU,33,SHOTGUN,"1 RB, 1 TE, 3 WR",5.0,5.0,"2 DL, 4 LB, 5 DB",SCRAMBLE_ROLLOUT_RIGHT,3.0,0.0,10:49:00,43.0,,,S,-11,-11,-2.41872794791583,False,,,,,,,,,,,,,,,,,11,
2018112510,1404,(6:48) K.Cousins pass short left to K.Rudolph pushed ob at GB 32 for 6 yards (R.Gilbert).,2,1,10,MIN,play_type_pass,GB,38,SINGLEBACK,"6 OL, 1 RB, 1 TE, 2 WR",7.0,5.0,"3 DL, 4 LB, 4 DB",SCRAMBLE_ROLLOUT_LEFT,14.0,14.0,06:48:00,48.0,,,C,6,6,0.051827556455605,False,49.0,2495438.0,47.3,11.27,58.0,2495438.0,45.25,5.52,,,,,2495438.0,6.0,43.0,4.3,11,3.8000000000000003
2018112510,1435,(6:16) (Shotgun) K.Cousins pass short right to S.Diggs to GB 29 for 3 yards (T.Williams).,2,2,4,MIN,play_type_pass,GB,32,SHOTGUN,"1 RB, 1 TE, 3 WR",7.0,4.0,"2 DL, 4 LB, 5 DB",DESIGNED_ROLLOUT_RIGHT,14.0,14.0,06:16:00,42.0,,,C,3,3,-0.32871359361308,False,31.0,2495438.0,47.74,23.45,43.0,2495438.0,51.39,25.02,,,,,2495438.0,10.0,21.0,2.1,11,2.0
2018112510,1519,(4:35) (Shotgun) A.Rodgers pass short left to E.St. Brown pushed ob at MIN 47 for 15 yards (T.Waynes).,2,1,10,GB,play_type_pass,GB,38,EMPTY,"1 RB, 2 TE, 2 WR",7.0,4.0,"4 DL, 2 LB, 5 DB",TRADITIONAL,14.0,14.0,04:35:00,48.0,,,C,15,15,0.845395709872235,False,42.0,497236.0,47.63,46.26,57.0,497236.0,53.81,51.24,,,,,497236.0,,,,11,3.1
2018112510,1550,(4:06) A.Rodgers pass incomplete deep left to J.Graham [E.Griffen].,2,1,10,GB,play_type_pass,MIN,47,SINGLEBACK,"1 RB, 3 TE, 1 WR",7.0,4.0,"4 DL, 3 LB, 4 DB",TRADITIONAL,14.0,14.0,04:06:00,63.0,,,I,0,0,-0.361640914020216,False,40.0,497236.0,67.87,48.83,,,,,,,,,,,,,11,2.9000000000000004
2018112510,1638,(3:10) (Shotgun) A.Rodgers pass incomplete short left to A.Jones.,2,3,4,GB,play_type_pass,MIN,41,SHOTGUN,"1 RB, 1 TE, 3 WR",6.0,4.0,"4 DL, 2 LB, 5 DB",SCRAMBLE_ROLLOUT_LEFT,14.0,14.0,03:10:00,69.0,,,I,0,0,-1.24050647865188,False,55.0,497236.0,81.36,1.52,,,,,,,,,,,,,11,4.4
2018112510,1742,(2:51) (Shotgun) K.Cousins pass short right to D.Cook to MIN 21 for 8 yards (J.Jackson; I.Campbell).,2,2,7,MIN,play_type_pass,MIN,13,SHOTGUN,"1 RB, 2 TE, 2 WR",6.0,4.0,"2 DL, 4 LB, 5 DB",TRADITIONAL,14.0,14.0,02:51:00,97.0,,,C,8,8,0.88057621863637,False,33.0,80431.0,102.67,24.74,43.0,80431.0,103.12,20.67,,,,,80431.0,5.0,28.0,2.8000000000000003,11,2.2
2018112510,1803,(2:00) (Shotgun) K.Cousins pass short middle to K.Rudolph to MIN 26 for 6 yards (A.Morrison) [D.Lowry].,2,2,11,MIN,play_type_pass,MIN,20,SHOTGUN,"1 RB, 1 TE, 3 WR",6.0,5.0,"2 DL, 4 LB, 5 DB",TRADITIONAL,14.0,14.0,02:00:00,90.0,,,C,6,6,-0.196004986517413,False,37.0,80431.0,96.91,30.6,47.0,80431.0,98.48,27.82,,,,,80431.0,,,,11,2.6
2018112600,656,(5:21) (Shotgun) M.Mariota pass deep right to C.Davis ran ob at TEN 46 for 21 yards.,1,1,10,TEN,play_type_pass,TEN,25,PISTOL,"1 RB, 2 TE, 2 WR",7.0,7.0,"4 DL, 3 LB, 4 DB",TRADITIONAL,10.0,7.0,05:21:00,85.0,,,C,21,21,1.36028756715434,False,44.0,496735.0,65.47,17.71,66.0,496735.0,63.24,33.06,,,,,496735.0,,,,11,3.3000000000000003
2018112600,250,(11:47) (Shotgun) D.Watson pass short right to R.Griffin pushed ob at HST 31 for 6 yards (D.Morgan).,1,1,10,HOU,play_type_pass,HOU,25,EMPTY,"1 RB, 2 TE, 2 WR",7.0,3.0,"3 DL, 4 LB, 4 DB",TRADITIONAL,3.0,0.0,11:47:00,35.0,,,C,6,6,-0.119391707564317,False,28.0,2354.0,40.0,35.63,47.0,2354.0,40.97,31.88,,,,,2354.0,33.0,-5.0,-0.5,11,1.7000000000000002
2018112510,1938,(1:39) (Shotgun) K.Cousins pass short left to A.Thielen to MIN 28 for 2 yards (I.Campbell).,2,1,20,MIN,play_type_pass,MIN,26,SHOTGUN,"1 RB, 1 TE, 3 WR",6.0,5.0,"2 DL, 4 LB, 5 DB",TRADITIONAL,14.0,14.0,01:39:00,84.0,,,C,2,2,-0.232677947415244,False,38.0,2495331.0,75.45,5.04,48.0,2495331.0,76.4,4.85,,,,,2495331.0,13.0,25.0,2.5,11,2.7
2018112510,1963,"(1:10) (No Huddle, Shotgun) K.Cousins pass short left to A.Robinson to MIN 39 for 11 yards (J.Jackson).",2,2,18,MIN,play_type_pass,MIN,28,SHOTGUN,"1 RB, 1 TE, 3 WR",6.0,4.0,"2 DL, 4 LB, 5 DB",TRADITIONAL,14.0,14.0,01:10:00,82.0,,,C,11,11,-0.16525692870873,False,36.0,2495331.0,71.37,7.7,50.0,2495331.0,71.3,5.79,,,,,2495331.0,10.0,26.0,2.6,11,2.5
2018112600,191,(12:34) (Shotgun) M.Mariota pass short right to A.Firkser to HST 13 for 7 yards (T.Mathieu).,1,3,9,TEN,play_type_pass,HOU,20,EMPTY,"0 RB, 2 TE, 3 WR",6.0,3.0,"3 DL, 2 LB, 6 DB",TRADITIONAL,0.0,0.0,12:34:00,30.0,,,C,7,7,-0.400236472841981,False,31.0,496735.0,23.33,17.7,44.0,496735.0,21.73,20.19,,,,,496735.0,23.0,8.0,0.8,11,2.0
2018112600,166,(13:19) (Shotgun) M.Mariota pass short right to D.Lewis to HST 20 for -1 yards (Z.Cunningham).,1,2,8,TEN,play_type_pass,HOU,19,SHOTGUN,"1 RB, 2 TE, 2 WR",7.0,4.0,"4 DL, 3 LB, 4 DB",TRADITIONAL,0.0,0.0,13:19:00,29.0,,,C,-1,-1,-0.501685732409881,False,34.0,496735.0,17.0,14.42,49.0,496735.0,12.68,13.02,,,,,496735.0,,,,11,2.3000000000000003
2018112600,76,(14:21) M.Mariota pass deep right to C.Davis pushed ob at TEN 46 for 19 yards (J.Joseph).,1,2,8,TEN,play_type_pass,TEN,27,SINGLEBACK,"1 RB, 2 TE, 2 WR",7.0,5.0,"4 DL, 3 LB, 4 DB",TRADITIONAL,0.0,0.0,14:21:00,83.0,,,C,19,19,1.75568392533583,False,42.0,496735.0,64.17,21.12,61.0,496735.0,59.08,32.3,,,,,496735.0,,,,11,3.1
2018112600,51,(15:00) M.Mariota pass short right to J.Smith to TEN 27 for 2 yards (Z.Cunningham).,1,1,10,TEN,play_type_pass,TEN,25,SINGLEBACK,"1 RB, 2 TE, 2 WR",6.0,4.0,"4 DL, 3 LB, 4 DB",TRADITIONAL,0.0,0.0,15:00:00,85.0,,,C,2,2,-0.40113308817954,False,36.0,496735.0,69.59,13.91,48.0,496735.0,62.91,11.02,,,,,496735.0,,,,11,2.5
